S NO,AGGREGATE MARK,GENERAL RANK,COLLEGE CODE,BRANCH CODE,ALLOTTED COMMUNITY
1,184.0,15613,2711,AD,MBC
2,183.5,16060,2621,CS,OC
3,180.0,20628,2735,AD,OC
4,179.5,20822,3830,EC,OC
5,179.5,20995,2706,SC,OC
6,178.5,22449,4957,CS,BC
7,178.5,22667,1399,CS,SC
8,178.0,22982,1210,CS,BC
9,178.0,23375,5901,EC,SC
10,177.8,23550,2641,IT,OC
11,176.0,26363,2621,CS,OC
12,175.0,27315,1324,CS,MBC
13,175.0,27491,2702,CD,OC
14,174.0,28661,2711,CD,BC
15,174.0,28966,2618,CS,BC
16,173.0,30155,2702,FD,OC
17,173.0,30600,1324,IT,MBC
18,172.0,31886,2609,CY,OC
19,172.0,31906,1013,CS,MBC
20,171.4,32974,2377,CE,SCA
21,170.7,33755,2702,AL,MBC
22,170.6,33774,1014,CS,BC
23,170.5,34181,5986,EC,OC
24,170.5,34209,2764,AM,OC
25,170.5,34299,2615,EE,SC
26,170.0,34626,2710,IT,MBC
27,170.0,34916,2711,AL,OC
28,170.0,34996,1128,CS,BC
29,169.6,35171,3011,CS,SC
30,169.5,35476,2711,AL,BC
31,168.5,36722,2712,AE,BC
32,167.5,38586,4929,CS,OC
33,167.5,38612,2723,CS,OC
34,167.0,39237,2711,CD,MBC
35,165.5,41510,2711,EE,BC
36,164.5,42913,2025,CS,SC
37,164.2,43415,5009,CE,OC
38,164.0,43441,1237,CS,OC
39,163.8,44118,3019,CS,OC
40,163.5,44477,1013,IT,OC
41,163.5,44662,2708,CE,OC
42,163.0,45321,1113,IT,MBC
43,163.0,45583,3830,CS,BC
44,162.8,45597,1304,CS,MBC
45,162.8,45610,2620,BM,OC
46,162.7,45630,2736,AD,OC
47,162.6,45638,2328,BM,OC
48,162.6,45642,2606,CS,OC
49,162.6,45648,1504,CS,MBC
50,162.6,45650,2722,CI,BC
51,162.6,45651,2620,CS,OC
52,162.5,45658,3795,CS,OC
53,162.5,45660,4917,AG,OC
54,162.5,45748,2610,EE,OC
55,162.5,45765,2642,CS,OC
56,162.5,45767,3843,CS,OC
57,162.5,45777,1311,AO,BC
58,162.5,45796,2005,CE,BC
59,162.5,45799,1306,CS,MBC
60,162.5,45837,2702,CD,BC
61,162.5,45843,2719,AD,BC
62,162.5,45858,1015,CS,BC
63,162.5,45898,3826,BM,BC
64,162.5,45900,2653,AD,BC
65,162.5,45919,2639,CS,BC
66,162.5,45949,2618,AM,OC
67,162.5,45950,5865,AD,BC
68,162.5,45956,2,AP,BC
69,162.5,45973,1128,CS,MBC
70,162.5,45979,1112,EC,MBC
71,162.5,46007,1210,IT,MBC
72,162.5,46008,1128,EC,OC
73,162.5,46029,1211,RM,OC
74,162.5,46047,1210,CS,SC
75,162.5,46049,1324,AD,OC
76,162.5,46054,1210,IT,MBC
77,162.5,46066,1210,CS,MBC
78,162.5,46077,2005,ME,BC
79,162.5,46084,5832,CS,BC
80,162.5,46115,4020,CS,BC
81,162.5,46123,5907,AD,OC
82,162.5,46130,1014,XC,OC
83,162.5,46182,1140,CS,OC
84,162.5,46206,2618,CS,BC
85,162.5,46210,1216,BM,OC
86,162.5,46218,2763,CS,OC
87,162.5,46230,1419,EC,MBC
88,162.5,46256,2006,PS,BC
89,162.5,46277,2,LE,MBC
90,162.5,46283,1419,AD,MBC
91,162.5,46289,1304,CS,MBC
92,162.5,46331,1324,IT,MBC
93,162.4,46351,1519,CS,OC
94,162.4,46352,2708,EC,OC
95,162.4,46353,3011,BT,BC
96,162.4,46356,1518,CS,OC
97,162.4,46362,2615,CS,SC
98,162.3,46367,1324,CS,MBC
99,162.3,46368,1211,FD,OC
100,162.3,46376,3811,CS,OC
101,162.3,46378,2769,FD,OC
102,162.3,46382,3810,AD,OC
103,162.3,46384,1149,IT,MBC
104,162.2,46390,2764,AM,BC
105,162.1,46410,1238,EE,OC
106,162.1,46414,2603,CS,SC
107,162.0,46421,2624,IT,OC
108,162.0,46433,2659,EC,OC
109,162.0,46443,2,CR,BC
110,162.0,46499,1211,BT,OC
111,162.0,46523,3807,IT,OC
112,162.0,46535,2618,EC,MBC
113,162.0,46544,1216,CS,BC
114,162.0,46556,2702,FD,BC
115,162.0,46558,1307,CS,OC
116,162.0,46566,2708,CS,BC
117,162.0,46570,4023,CS,BC
118,162.0,46572,1304,RM,BC
119,162.0,46600,1114,IT,OC
120,162.0,46623,1432,AD,MBC
121,162.0,46639,2369,CS,SC
122,162.0,46650,3805,EC,OC
123,162.0,46673,2702,EE,BC
124,162.0,46681,2721,CS,BC
125,162.0,46699,2706,IT,MBC
126,162.0,46715,1118,CS,MBC
127,162.0,46723,1013,IT,MBC
128,162.0,46726,1210,IT,BC
129,162.0,46733,1128,AD,BC
130,162.0,46735,2709,IT,BC
131,162.0,46782,5008,MG,MBC
132,162.0,46792,1210,AD,OC
133,162.0,46807,3016,CS,OC
134,162.0,46811,2347,EC,OC
135,162.0,46817,4965,CS,MBC
136,162.0,46823,1113,CB,BC
137,162.0,46874,1211,EE,MBC
138,162.0,46900,2708,AE,BC
139,162.0,46947,2710,TS,OC
140,162.0,46968,2722,CI,MBC
141,162.0,46970,2702,CS,BCM
142,162.0,46993,5901,EE,BC
143,162.0,46994,5008,CE,BC
144,162.0,47002,2718,EC,SC
145,162.0,47005,2710,AD,MBC
146,162.0,47017,2712,TX,OC
147,162.0,47022,2327,CS,OC
148,162.0,47028,1412,EC,OC
149,162.0,47040,2704,AD,BC
150,162.0,47045,1112,EC,BC
151,162.0,47056,2641,CS,OC
152,162.0,47063,2702,EE,MBC
153,162.0,47071,2740,CS,OC
154,162.0,47104,2719,CJ,OC
155,162.0,47148,2710,IT,SC
156,161.9,47168,3810,IT,BCM
157,161.8,47182,1116,CS,OC
158,161.8,47184,3830,CS,SC
159,161.8,47191,2632,CS,OC
160,161.6,47222,2617,MD,OC
161,161.6,47224,2623,CS,BC
162,161.5,47229,2702,EC,SC
163,161.5,47243,3826,CS,MBC
164,161.5,47260,1120,CS,MBC
165,161.5,47268,2615,MT,BC
166,161.5,47282,2634,AD,MBC
167,161.5,47301,1504,CS,SC
168,161.5,47322,3810,BM,SC
169,161.5,47409,5832,IT,BCM
170,161.5,47410,2739,CS,BCM
171,161.5,47416,2328,SC,OC
172,161.5,47445,1149,CS,BC
173,161.5,47451,2005,ME,SCA
174,161.5,47456,2656,AD,BC
175,161.5,47467,2620,IT,OC
176,161.5,47493,3018,CS,OC
177,161.5,47497,2751,IT,OC
178,161.5,47539,2721,CS,MBC
179,161.5,47564,5986,EC,OC
180,161.5,47574,4995,CS,OC
181,161.5,47619,2302,CS,OC
182,161.5,47640,1605,CS,OC
183,161.5,47642,2764,CS,MBC
184,161.5,47657,4960,EE,OC
185,161.5,47680,2725,CS,BC
186,161.5,47688,1013,IT,BC
187,161.5,47701,3019,CS,OC
188,161.5,47718,3819,CS,OC
189,161.5,47719,4954,EC,BC
190,161.5,47747,2750,CB,OC
191,161.5,47750,2740,CS,OC
192,161.5,47751,1304,EC,BC
193,161.5,47752,1211,EC,SC
194,161.5,47764,1128,SC,OC
195,161.5,47773,2702,CD,MBC
196,161.5,47795,4962,EC,SC
197,161.5,47830,3011,CS,MBC
198,161.5,47846,2343,HT,OC
199,161.5,47849,3011,IT,SC
200,161.5,47863,5009,EE,OC
201,161.5,47886,3016,CS,MBC
202,161.5,47895,2642,AD,OC
203,161.5,47904,2341,EC,OC
204,161.5,47907,1422,EC,SC
205,161.5,47908,5910,IT,OC
206,161.4,47920,2739,EE,OC
207,161.4,47931,5008,MF,BC
208,161.3,47934,3465,EC,SC
209,161.3,47935,2608,AD,OC
210,161.2,47955,2702,SE,OC
211,161.1,47965,2717,CS,OC
212,161.1,47967,2743,AG,OC
213,161.1,47969,1216,AD,OC
214,161.0,47981,2618,AM,MBC
215,161.0,47984,1149,EC,OC
216,161.0,48005,1432,CB,OC
217,161.0,48035,2618,CS,SC
218,161.0,48044,1304,EC,MBC
219,161.0,48049,2747,EC,OC
220,161.0,48069,1120,CS,BC
221,161.0,48146,2711,AL,MBC
222,161.0,48174,1120,IT,OC
223,161.0,48194,2739,EC,OC
224,161.0,48195,2621,AD,BC
225,161.0,48239,1324,CS,BC
226,161.0,48240,4980,CS,OC
227,161.0,48251,2739,AD,MBC
228,161.0,48285,1422,CS,SC
229,161.0,48292,2702,EI,OC
230,161.0,48322,2618,EC,BC
231,161.0,48324,2702,CB,BC
232,161.0,48331,2711,CH,OC
233,161.0,48344,1424,CS,OC
234,161.0,48360,2729,CS,OC
235,161.0,48362,1216,CS,BC
236,161.0,48367,1533,CS,MBC
237,161.0,48389,4917,CS,BC
238,161.0,48418,2620,CS,BC
239,161.0,48434,1324,IT,BC
240,161.0,48442,2745,CS,OC
241,161.0,48446,1441,CS,OC
242,161.0,48475,1317,AD,MBC
243,161.0,48478,2722,EC,BCM
244,161.0,48514,1324,CS,BC
245,161.0,48573,1422,IT,SC
246,161.0,48594,2601,EC,OC
247,161.0,48628,1316,EC,OC
248,161.0,48648,3464,CS,SC
249,161.0,48653,3819,AD,OC
250,160.9,48663,2601,EC,OC
251,160.9,48668,2726,AO,OC
252,160.7,48688,2702,EI,MBC
253,160.7,48691,1210,IT,BC
254,160.7,48700,2708,AE,MBC
255,160.6,48702,1306,EC,OC
256,160.5,48711,1216,EC,OC
257,160.5,48712,4983,CS,OC
258,160.5,48751,2712,ME,MBC
259,160.5,48781,1419,IT,SC
260,160.5,48791,2710,CD,OC
261,160.5,48804,4934,EC,OC
262,160.5,48818,2005,IB,BC
263,160.5,48823,1304,AM,BC
264,160.5,48831,1128,EC,MBC
265,160.5,48891,1307,CS,BC
266,160.5,48938,2708,AG,MBC
267,160.5,48950,1307,CS,MBC
268,160.5,48972,3803,CS,OC
269,160.5,49009,2342,EE,OC
270,160.5,49019,2710,EC,BC
271,160.5,49026,2620,EE,SC
272,160.5,49041,2636,CS,BC
273,160.5,49043,1120,CS,BC
274,160.5,49046,2005,IB,BC
275,160.5,49064,3817,EC,OC
276,160.5,49073,2750,CS,BC
277,160.5,49097,1450,EC,BC
278,160.5,49139,2377,EE,SC
279,160.5,49154,1233,CS,BC
280,160.5,49164,5008,CN,SC
281,160.5,49174,2345,CS,OC
282,160.5,49179,2620,TS,OC
283,160.5,49203,3830,CS,MBC
284,160.5,49221,2711,EE,MBC
285,160.5,49277,1014,EC,SC
286,160.5,49307,1419,CI,OC
287,160.5,49313,1219,CH,MBC
288,160.5,49335,1233,EC,MBC
289,160.5,49388,2349,BM,OC
290,160.5,49421,2643,CS,MBC
291,160.4,49442,2709,EE,OC
292,160.4,49444,1317,IT,SC
293,160.4,49448,2718,EE,BC
294,160.3,49459,4917,AD,OC
295,160.2,49468,2708,IT,BC
296,160.2,49473,2740,CS,OC
297,160.2,49480,2722,CS,SC
298,160.2,49481,3011,AU,OC
299,160.2,49486,2706,IT,BC
300,160.2,49488,2607,CS,MBC
301,160.1,49493,2613,IT,OC
302,160.1,49499,1233,EE,OC
303,160.1,49505,2624,FD,OC
304,160.0,49507,5986,EC,BC
305,160.0,49538,3021,CS,MBC
306,160.0,49543,2739,CB,OC
307,160.0,49555,2624,EE,OC
308,160.0,49562,2653,EE,MBC
309,160.0,49567,3807,CS,MBC
310,160.0,49597,1324,IT,BC
311,160.0,49625,1316,MZ,OC
312,160.0,49626,1210,EC,OC
313,160.0,49628,2726,CS,OC
314,160.0,49703,1325,CS,OC
315,160.0,49730,2711,AL,BC
316,160.0,49757,1419,EC,BC
317,160.0,49779,2719,EE,OC
318,160.0,49787,1419,AM,BC
319,160.0,49791,3807,EC,OC
320,160.0,49798,2621,CS,OC
321,160.0,49821,5008,CN,BC
322,160.0,49823,4670,CS,OC
323,160.0,49845,1324,AD,OC
324,160.0,49848,3830,EE,OC
325,160.0,49850,1419,CE,OC
326,160.0,49864,2726,FD,OC
327,160.0,49874,3825,CS,MBC
328,160.0,49887,5907,CS,BC
329,160.0,49890,1207,CS,OC
330,160.0,49891,1408,IT,BC
331,160.0,49902,2706,AD,OC
332,160.0,49909,1324,SC,OC
333,160.0,49916,1122,CS,OC
334,160.0,49919,1413,EC,OC
335,160.0,49925,4023,EC,OC
336,160.0,49938,2618,AD,OC
337,160.0,49942,2722,CS,SC
338,160.0,49958,1422,EC,MBC
339,160.0,49961,1419,CI,BC
340,160.0,49962,1237,CS,OC
341,160.0,49997,1216,CI,OC
342,160.0,50027,1450,ME,MBC
343,160.0,50052,1216,CS,MBC
344,160.0,50120,2,PP,SC
345,160.0,50121,4974,EE,SC
346,160.0,50139,1211,EE,BC
347,160.0,50149,3464,CS,BC
348,160.0,50169,1419,CB,OC
349,160.0,50190,2607,BT,OC
350,160.0,50213,1207,CS,BC
351,159.9,50220,2615,CE,SC
352,159.9,50227,2726,IT,OC
353,159.8,50230,2634,IT,OC
354,159.7,50240,1317,AD,SC
355,159.7,50245,2711,EC,SCA
356,159.6,50253,2,LE,SC
357,159.6,50256,4934,CS,OC
358,159.6,50260,2702,AG,OC
359,159.5,50290,2345,CS,MBC
360,159.5,50327,4680,CS,BC
361,159.5,50363,2601,EC,BC
362,159.5,50375,2722,EC,SC
363,159.5,50401,2620,IT,BC
364,159.5,50436,4974,EE,BC
365,159.5,50446,1324,AD,BC
366,159.5,50491,1509,EC,OC
367,159.5,50518,5910,EC,OC
368,159.5,50525,1211,CH,OC
369,159.5,50526,1128,EC,BC
370,159.5,50540,2719,EC,BC
371,159.5,50568,5832,CS,BC
372,159.5,50571,2722,EE,OC
373,159.5,50574,1316,EC,BC
374,159.5,50585,1301,IT,OC
375,159.5,50616,2718,CE,OC
376,159.5,50639,2710,AD,BC
377,159.5,50705,2624,AD,OC
378,159.5,50716,1516,EE,MBC
379,159.5,50794,4989,AG,OC
380,159.5,50832,1210,IT,BC
381,159.5,50856,2347,AG,OC
382,159.5,50878,2707,EE,OC
383,159.5,50905,2625,AG,OC
384,159.5,50921,1409,BM,OC
385,159.5,50961,2345,AD,OC
386,159.5,50963,2610,CS,OC
387,159.4,50972,2704,CS,SC
388,159.3,50977,5,CS,SC
389,159.2,50996,3805,AO,OC
390,159.1,51007,3826,CE,OC
391,159.0,51033,2327,CS,BC
392,159.0,51066,2711,IT,ST
393,159.0,51069,1309,EC,OC
394,159.0,51078,2719,EC,BC
395,159.0,51084,1304,EC,MBC
396,159.0,51089,1409,CS,MBC
397,159.0,51100,5910,CS,BC
398,159.0,51113,2630,CS,OC
399,159.0,51209,5910,IT,MBC
400,159.0,51264,4982,CS,OC
401,159.0,51291,1412,CS,OC
402,159.0,51310,1605,CS,BC
403,159.0,51331,1210,EC,OC
404,159.0,51340,3011,IT,BC
405,159.0,51351,3805,BM,OC
406,159.0,51373,2636,EC,BC
407,159.0,51395,1501,EC,BC
408,159.0,51413,1419,EC,BC
409,159.0,51427,5910,CB,OC
410,159.0,51435,1210,AD,BC
411,159.0,51436,1210,AD,BC
412,159.0,51444,3841,CS,MBC
413,159.0,51481,2702,SE,BC
414,159.0,51491,2608,CS,BC
415,159.0,51503,2722,IT,SC
416,159.0,51505,5,AM,OC
417,159.0,51508,1317,AL,BC
418,159.0,51519,1216,CI,BC
419,159.0,51541,1306,CS,BC
420,159.0,51550,2751,IT,BC
421,159.0,51555,1211,BM,BC
422,159.0,51559,5,IT,MBC
423,159.0,51599,1322,IT,OC
424,159.0,51619,2719,CJ,BC
425,159.0,51620,2711,ME,OC
426,159.0,51622,2642,CS,BC
427,159.0,51626,5,IT,BC
428,159.0,51627,2718,MZ,OC
429,159.0,51655,2610,EC,OC
430,159.0,51660,2607,CS,BC
431,159.0,51663,3016,CS,BC
432,159.0,51674,5986,CS,MBC
433,159.0,51676,1324,AD,MBC
434,158.6,51720,2706,SC,MBC
435,158.6,51721,2745,EC,OC
436,158.6,51727,2618,AD,MBC
437,158.6,51732,1419,EC,BC
438,158.5,51737,2611,RM,OC
439,158.5,51744,2709,EC,BC
440,158.5,51761,1399,CE,OC
441,158.5,51768,2747,EC,OC
442,158.5,51793,2719,EC,MBC
443,158.5,51794,2729,EC,OC
444,158.5,51804,2617,IT,OC
445,158.5,51819,2708,EC,MBC
446,158.5,51824,3021,CS,BC
447,158.5,51828,2005,ME,MBC
448,158.5,51856,2719,IT,SC
449,158.5,51874,5,CS,BC
450,158.5,51881,2618,IT,SC
451,158.5,51929,1432,AM,BC
452,158.5,51944,2634,EC,BC
453,158.5,51947,1137,EC,OC
454,158.5,51968,4941,EC,OC
455,158.5,52026,2750,EC,MBC
456,158.5,52028,4944,EC,OC
457,158.5,52035,1401,IT,OC
458,158.5,52054,3011,EC,BC
459,158.5,52061,4962,CS,MBC
460,158.5,52064,4960,EC,MBC
461,158.5,52073,2620,CS,SC
462,158.5,52080,4972,CS,BC
463,158.5,52115,1211,MZ,OC
464,158.5,52146,1112,CB,OC
465,158.5,52159,1216,EE,BC
466,158.5,52169,1211,BT,BC
467,158.5,52185,2750,ME,OC
468,158.5,52200,2634,IT,OC
469,158.5,52218,1509,CS,OC
470,158.5,52231,2755,CS,OC
471,158.5,52247,2723,EC,OC
472,158.5,52275,2739,EC,OC
473,158.5,52286,2634,CS,SC
474,158.5,52292,5,EC,MBC
475,158.5,52298,5986,EE,OC
476,158.5,52321,2710,TS,BC
477,158.5,52324,1026,EC,BC
478,158.5,52325,2651,EC,MBC
479,158.5,52329,2722,EE,OC
480,158.5,52334,1413,EC,MBC
481,158.5,52337,2712,CE,OC
482,158.5,52424,1432,CB,MBC
483,158.5,52427,2329,CS,OC
484,158.5,52430,1120,EC,OC
485,158.5,52432,2707,AG,BC
486,158.5,52444,1306,IT,BC
487,158.5,52451,5910,CS,BC
488,158.4,52457,2726,CS,OC
489,158.4,52458,2634,AG,OC
490,158.4,52464,2702,BT,MBC
491,158.1,52493,2702,ME,OC
492,158.1,52499,2706,EC,OC
493,158.0,52517,4960,EE,BC
494,158.0,52531,1413,EC,BC
495,158.0,52547,2740,AD,MBC
496,158.0,52582,2710,ET,OC
497,158.0,52597,2615,CE,MBC
498,158.0,52690,1118,IT,MBC
499,158.0,52697,2653,EC,MBC
500,158.0,52707,1015,EC,OC
501,158.0,52766,4960,CS,SC
502,158.0,52771,2715,AG,OC
503,158.0,52778,2702,CE,OC
504,158.0,52789,2608,EC,OC
505,158.0,52820,1122,EC,OC
506,158.0,52834,1026,EE,SC
507,158.0,52851,1210,CS,SC
508,158.0,52867,1414,IT,OC
509,158.0,52910,1113,EC,SC
510,158.0,52912,3830,EC,OC
511,158.0,52937,2739,CO,BC
512,158.0,52954,1149,IT,BC
513,158.0,52988,2725,EC,BC
514,158.0,52990,1114,CS,OC
515,158.0,53014,4933,CS,OC
516,158.0,53041,1149,CS,SC
517,158.0,53047,1013,EC,MBC
518,158.0,53080,2725,CS,MBC
519,158.0,53086,2709,EE,MBC
520,158.0,53114,2345,CS,BC
521,158.0,53133,1412,CS,OC
522,158.0,53140,2739,IT,BC
523,158.0,53142,2643,AD,BC
524,158.0,53149,2328,EC,OC
525,158.0,53162,2739,CB,BC
526,158.0,53175,1322,EC,OC
527,158.0,53182,1226,IT,OC
528,158.0,53196,1233,EE,MBC
529,157.9,53227,4962,IT,OC
530,157.9,53231,2620,BT,SC
531,157.8,53239,3817,BT,OC
532,157.8,53243,2710,CE,MBC
533,157.8,53247,2753,CS,OC
534,157.8,53251,2625,AD,MBC
535,157.6,53259,1317,BT,OC
536,157.6,53261,1422,EE,OC
537,157.5,53270,2735,IT,OC
538,157.5,53271,2635,BM,OC
539,157.5,53284,2726,CS,OC
540,157.5,53298,3809,CS,OC
541,157.5,53300,2764,BM,MBC
542,157.5,53344,5986,CS,MBC
543,157.5,53350,2718,ME,OC
544,157.5,53395,4953,CS,OC
545,157.5,53397,1210,AD,BC
546,157.5,53402,2710,CS,BC
547,157.5,53411,2711,EI,OC
548,157.5,53414,1419,CI,MBC
549,157.5,53445,2620,CS,SCA
550,157.5,53457,3831,CS,BC
551,157.5,53461,2740,IT,SC
552,157.5,53471,2735,IT,BC
553,157.5,53483,4944,EE,OC
554,157.5,53484,3826,EE,OC
555,157.5,53513,2725,CS,MBC
556,157.5,53532,2740,AD,BC
557,157.5,53615,2706,AD,OC
558,157.5,53621,4023,CS,BC
559,157.5,53668,2611,IT,OC
560,157.5,53674,1307,SC,OC
561,157.5,53690,1216,AD,OC
562,157.5,53691,1322,CS,MBC
563,157.5,53734,3845,CS,OC
564,157.5,53756,3843,EC,OC
565,157.5,53767,4965,EC,OC
566,157.5,53787,2640,CS,OC
567,157.5,53794,1434,EE,OC
568,157.5,53796,2618,EC,BC
569,157.5,53798,5703,CS,MBC
570,157.5,53810,2749,AG,OC
571,157.5,53842,2623,EC,OC
572,157.5,53858,1202,EE,OC
573,157.5,53879,2643,CS,SC
574,157.4,53889,2750,AG,OC
575,157.3,53894,2650,ME,OC
576,157.2,53905,3811,CS,OC
577,157.1,53916,2731,AD,OC
578,157.1,53917,5009,CS,SC
579,157.0,53927,1437,IT,OC
580,157.0,53933,1501,CS,OC
581,157.0,53938,1304,EC,SC
582,157.0,53944,1216,CS,MBC
583,157.0,54031,5904,CS,OC
584,157.0,54035,2706,EE,OC
585,157.0,54042,2727,CS,OC
586,157.0,54051,2739,AM,MBC
587,157.0,54056,1210,IT,SC
588,157.0,54064,1216,EC,OC
589,157.0,54078,3806,IT,MBC
590,157.0,54081,2710,EE,MBC
591,157.0,54169,2712,AU,OC
592,157.0,54185,2712,AU,BC
593,157.0,54205,1210,EE,OC
594,157.0,54207,2665,CS,OC
595,157.0,54250,3817,CS,BC
596,157.0,54256,5910,EC,OC
597,157.0,54260,2347,CS,OC
598,157.0,54266,1120,IT,MBC
599,157.0,54287,1210,CS,BCM
600,157.0,54354,5022,CS,BC
601,157.0,54361,2610,CS,OC
602,157.0,54369,1116,CS,BC
603,157.0,54378,2329,CS,BC
604,157.0,54398,4993,BM,OC
605,157.0,54409,1210,CB,OC
606,157.0,54414,1216,SC,BC
607,157.0,54420,2719,EE,BC
608,157.0,54424,1211,AL,SC
609,157.0,54455,1216,AG,BC
610,157.0,54456,2611,IT,MBC
611,157.0,54492,2622,CS,SC
612,157.0,54500,2601,CS,OC
613,157.0,54545,2736,IT,OC
614,157.0,54550,2636,AD,OC
615,157.0,54571,4670,EC,OC
616,157.0,54578,5010,EC,OC
617,157.0,54579,1120,IT,BC
618,157.0,54580,2712,CS,SCA
619,157.0,54620,2741,CS,OC
620,156.9,54640,5502,AG,BC
621,156.8,54654,1322,EC,MBC
622,156.6,54659,1122,CS,BC
623,156.6,54663,2707,AG,SC
624,156.5,54671,3019,EC,OC
625,156.5,54681,2706,EC,MBC
626,156.5,54683,5530,CS,MBC
627,156.5,54689,1210,EC,OC
628,156.5,54695,2723,ME,OC
629,156.5,54709,3019,CS,BC
630,156.5,54718,3830,IT,OC
631,156.5,54726,2622,EC,OC
632,156.5,54770,2608,EC,OC
633,156.5,54849,2621,EC,OC
634,156.5,54859,3826,AG,OC
635,156.5,54863,3905,CS,MBC
636,156.5,54881,1424,EC,OC
637,156.5,54908,5,AM,BC
638,156.5,54912,3806,AD,OC
639,156.5,54929,2369,EC,BC
640,156.5,54951,1149,AD,OC
641,156.5,55007,1149,AD,OC
642,156.5,55025,1149,EC,BC
643,156.5,55036,1112,AL,BC
644,156.5,55077,2718,MZ,OC
645,156.5,55108,3011,PC,BC
646,156.5,55136,3806,CS,OC
647,156.5,55183,1324,EC,OC
648,156.5,55185,5935,CS,OC
649,156.5,55202,1014,IT,MBC
650,156.5,55210,1419,EE,OC
651,156.5,55226,2758,CS,OC
652,156.5,55234,2764,AM,MBC
653,156.5,55260,1516,EE,BC
654,156.5,55306,2702,IT,SC
655,156.5,55318,2630,CS,MBC
656,156.5,55338,2718,ME,OC
657,156.5,55346,2608,EC,BC
658,156.5,55350,1501,CS,BC
659,156.5,55351,2708,BM,OC
660,156.5,55369,1533,CS,MBC
661,156.5,55381,1149,AD,MBC
662,156.5,55383,2735,EC,MBC
663,156.5,55385,2640,CS,OC
664,156.4,55387,2603,EE,BC
665,156.4,55393,1317,EE,OC
666,156.3,55396,2005,ME,SC
667,156.3,55398,1399,ME,SC
668,156.3,55399,1509,IT,OC
669,156.3,55401,3011,BT,SC
670,156.3,55402,2758,IT,OC
671,156.3,55408,1122,CS,MBC
672,156.3,55409,4672,EC,OC
673,156.2,55415,2648,ME,OC
674,156.2,55418,1122,IT,MBC
675,156.0,55447,2651,AD,MBC
676,156.0,55452,2740,AE,MBC
677,156.0,55497,1120,EC,SC
678,156.0,55504,2329,CS,MBC
679,156.0,55506,1306,CS,BC
680,156.0,55533,2741,CS,OC
681,156.0,55546,1306,BT,MBC
682,156.0,55550,2722,EE,MBC
683,156.0,55571,2610,CS,BC
684,156.0,55604,3815,CS,OC
685,156.0,55606,2726,CS,MBC
686,156.0,55631,1321,PA,BC
687,156.0,55673,5907,CS,MBC
688,156.0,55678,2633,CS,OC
689,156.0,55679,2607,CS,BC
690,156.0,55695,2740,CS,MBC
691,156.0,55712,2607,EC,OC
692,156.0,55731,2639,EC,MBC
693,156.0,55809,4962,IT,MBC
694,156.0,55822,2302,CS,MBC
695,156.0,55825,2752,IT,BC
696,156.0,55845,2661,EC,MBC
697,156.0,55869,2712,CE,OC
698,156.0,55874,2611,IT,BC
699,156.0,55904,2377,CE,SC
700,156.0,55913,2618,CD,OC
701,156.0,55942,1210,EC,MBC
702,156.0,55943,2706,SC,BC
703,156.0,55952,3465,EC,MBC
704,156.0,55976,2726,EC,OC
705,156.0,56105,1013,EC,BC
706,156.0,56115,3760,CS,OC
707,155.9,56116,2627,EE,OC
708,155.8,56127,2634,EC,MBC
709,155.8,56130,5901,EE,MBC
710,155.8,56135,2025,EE,SC
711,155.7,56142,1303,AG,OC
712,155.7,56145,3830,IT,OC
713,155.7,56146,1122,CS,SC
714,155.6,56151,2706,AD,MBC
715,155.6,56159,3786,ME,OC
716,155.5,56198,2750,BM,MBC
717,155.5,56200,4929,EC,OC
718,155.5,56207,3806,CS,OC
719,155.5,56221,2607,IT,OC
720,155.5,56227,3826,CE,SC
721,155.5,56246,2611,FD,OC
722,155.5,56300,1216,EC,OC
723,155.5,56315,2607,IT,MBC
724,155.5,56324,2642,AD,MBC
725,155.5,56335,3018,CS,BC
726,155.5,56339,2,TX,SC
727,155.5,56348,2744,IT,OC
728,155.5,56351,3803,CS,BC
729,155.5,56354,1114,CS,OC
730,155.5,56372,2710,CD,BC
731,155.5,56393,2620,CS,MBC
732,155.5,56415,5901,ME,OC
733,155.5,56421,1216,EC,OC
734,155.5,56424,4680,EC,OC
735,155.5,56425,2741,CS,SCA
736,155.5,56441,1301,CS,OC
737,155.5,56446,1413,AD,MBC
738,155.5,56449,1112,EC,MBC
739,155.5,56465,1432,AD,SC
740,155.5,56470,1026,EC,MBC
741,155.5,56474,2711,EI,OC
742,155.5,56509,4970,EC,OC
743,155.5,56513,2708,EC,BC
744,155.5,56520,2729,AE,MBC
745,155.5,56521,1399,MZ,MBC
746,155.5,56541,2625,CS,OC
747,155.5,56611,1431,IT,SC
748,155.5,56633,2745,EC,BC
749,155.5,56662,2709,AU,SC
750,155.5,56682,1309,EC,SC
751,155.5,56705,2642,CS,SC
752,155.5,56707,3819,CS,BC
753,155.5,56721,1507,IT,OC
754,155.5,56828,1412,CS,BC
755,155.4,56858,1303,CS,OC
756,155.3,56863,3810,AG,OC
757,155.2,56877,3806,EC,OC
758,155.2,56879,2347,AG,MBC
759,155.1,56881,2601,IT,OC
760,155.1,56882,2329,AG,OC
761,155.0,56889,2624,FD,MBC
762,155.0,56901,2763,CS,BC
763,155.0,56911,2739,EC,BC
764,155.0,56953,2723,BM,OC
765,155.0,56958,2717,CS,OC
766,155.0,56987,2329,BM,OC
767,155.0,57005,2734,CS,OC
768,155.0,57083,4678,CS,BC
769,155.0,57120,4023,CE,OC
770,155.0,57149,2643,CS,MBC
771,155.0,57159,1237,IT,MBC
772,155.0,57183,1413,SC,MBC
773,155.0,57233,2702,AG,MBC
774,155.0,57237,2608,IT,OC
775,155.0,57238,1120,CS,SCA
776,155.0,57258,1243,EC,OC
777,155.0,57273,2708,EC,BC
778,155.0,57275,3011,BT,MBC
779,155.0,57290,2609,CS,OC
780,155.0,57302,2614,EC,OC
781,155.0,57322,2706,EC,BC
782,155.0,57329,3011,PC,SC
783,155.0,57363,5,CS,BC
784,155.0,57377,3464,EC,OC
785,155.0,57408,1210,CB,OC
786,155.0,57410,1113,CD,SC
787,155.0,57421,1414,CS,MBC
788,155.0,57427,2702,AD,SC
789,155.0,57449,2627,EC,MBC
790,155.0,57453,2736,CS,OC
791,155.0,57470,1216,AD,OC
792,155.0,57471,2636,EC,BC
793,155.0,57492,1219,MR,SCA
794,155.0,57497,4980,EC,OC
795,155.0,57505,2706,EC,BC
796,155.0,57532,2706,AD,BC
797,155.0,57566,1304,IT,SC
798,155.0,57586,2770,ME,OC
799,155.0,57589,2634,IT,MBC
800,154.9,57594,2642,EC,OC
801,154.9,57595,2755,AG,OC
802,154.9,57599,2705,IT,SC
803,154.8,57605,1504,AD,MBC
804,154.8,57608,4970,EC,OC
805,154.7,57616,2624,IT,MBC
806,154.7,57618,2712,EE,ST
807,154.7,57621,1211,BT,SC
808,154.7,57622,2743,EC,OC
809,154.7,57623,2710,CS,SC
810,154.7,57624,2624,IT,SC
811,154.6,57637,3849,IT,OC
812,154.5,57665,4965,AD,OC
813,154.5,57666,2347,EC,OC
814,154.5,57667,2741,CS,MBC
815,154.5,57682,1210,EC,BC
816,154.5,57713,2715,CH,OC
817,154.5,57732,2733,CS,OC
818,154.5,57771,1237,CS,BC
819,154.5,57773,1307,SC,BC
820,154.5,57788,1322,CS,BC
821,154.5,57794,3803,EC,OC
822,154.5,57798,1322,AE,OC
823,154.5,57806,1216,AD,MBC
824,154.5,57815,5986,CS,SC
825,154.5,57820,3462,CS,OC
826,154.5,57823,1226,IT,BC
827,154.5,57826,1317,EC,MBC
828,154.5,57834,2718,MZ,MBC
829,154.5,57842,4996,CS,OC
830,154.5,57862,2711,EC,BCM
831,154.5,57869,2618,EE,OC
832,154.5,57903,4957,IT,OC
833,154.5,57925,1419,CB,BC
834,154.5,58017,4960,EE,MBC
835,154.5,58033,2711,FD,BC
836,154.5,58034,2618,EE,OC
837,154.5,58063,2314,CS,OC
838,154.5,58064,1112,EC,BC
839,154.5,58075,1014,EC,MBC
840,154.5,58076,3019,EC,MBC
841,154.5,58092,3815,IT,BC
842,154.5,58101,1128,AD,MBC
843,154.5,58113,1216,EC,MBC
844,154.5,58114,5910,EC,MBC
845,154.5,58116,2729,AD,OC
846,154.5,58121,2346,AD,OC
847,154.5,58122,2357,EC,OC
848,154.5,58137,2601,CS,MBC
849,154.5,58174,5010,ME,OC
850,154.5,58180,5912,ME,OC
851,154.5,58232,3812,IT,OC
852,154.5,58261,3841,AD,OC
853,154.5,58265,5008,CN,MBC
854,154.5,58269,1309,EC,BC
855,154.5,58289,5902,IT,OC
856,154.5,58303,1210,EC,MBC
857,154.5,58327,2722,EE,BC
858,154.5,58342,2745,CS,BC
859,154.4,58356,1324,SC,SC
860,154.4,58357,2634,FD,OC
861,154.4,58358,2621,EC,OC
862,154.3,58368,2656,CS,MBC
863,154.3,58372,2711,EI,MBC
864,154.3,58375,3849,CS,OC
865,154.2,58377,2727,SC,OC
866,154.2,58378,3815,BM,SC
867,154.2,58379,3760,AG,OC
868,154.1,58380,4670,AG,OC
869,154.1,58381,1225,AD,OC
870,154.1,58386,5865,IT,MBC
871,154.1,58388,2707,EC,OC
872,154.0,58393,2611,BM,OC
873,154.0,58402,1422,EE,BC
874,154.0,58407,4965,BT,OC
875,154.0,58410,3826,EC,SC
876,154.0,58428,1519,EC,OC
877,154.0,58439,3410,EC,BC
878,154.0,58440,3849,IT,MBC
879,154.0,58471,2707,RM,OC
880,154.0,58472,1325,IT,OC
881,154.0,58489,2711,EI,BC
882,154.0,58492,1210,EC,BC
883,154.0,58495,2702,EI,BC
884,154.0,58504,5902,CS,OC
885,154.0,58511,2683,IT,OC
886,154.0,58545,1140,CB,OC
887,154.0,58558,2627,BT,OC
888,154.0,58559,3786,CS,OC
889,154.0,58588,2734,IT,OC
890,154.0,58591,2642,BM,OC
891,154.0,58607,3454,AG,OC
892,154.0,58612,5,CF,MBC
893,154.0,58629,1306,AD,OC
894,154.0,58633,1432,CB,BC
895,154.0,58640,2725,CS,BC
896,154.0,58645,1317,EC,SC
897,154.0,58669,3843,EC,MBC
898,154.0,58677,2643,CS,BC
899,154.0,58707,1238,CS,OC
900,154.0,58713,5,CS,BC
901,154.0,58718,3826,CS,SC
902,154.0,58781,2740,CS,BC
903,154.0,58785,1210,EC,BC
904,154.0,58792,1216,EC,BC
905,154.0,58797,1518,CS,OC
906,154.0,58803,1211,BM,MBC
907,154.0,58840,2627,CS,OC
908,154.0,58850,2725,IT,BC
909,154.0,58872,2618,BM,MBC
910,154.0,58899,1321,MN,SC
911,154.0,58907,2608,AD,MBC
912,154.0,58914,1317,EC,MBC
913,154.0,58949,4960,ME,OC
914,154.0,58969,2739,CB,MBC
915,154.0,58981,2327,EC,BC
916,154.0,58997,2608,EC,MBC
917,154.0,59017,4864,EC,OC
918,154.0,59030,2731,AD,MBC
919,154.0,59041,3826,ME,OC
920,154.0,59072,1207,BM,OC
921,153.9,59080,1225,CS,OC
922,153.8,59085,1504,SC,OC
923,153.8,59086,1238,AD,OC
924,153.8,59087,2702,CT,SCA
925,153.8,59095,2743,AG,SC
926,153.7,59098,3807,AD,MBC
927,153.7,59099,1421,CE,OC
928,153.7,59102,2618,EE,MBC
929,153.7,59108,1512,CS,BC
930,153.6,59114,1322,SC,OC
931,153.5,59121,4993,IT,OC
932,153.5,59125,5904,IT,OC
933,153.5,59133,2731,EC,OC
934,153.5,59154,2709,CE,OC
935,153.5,59205,1512,EC,OC
936,153.5,59207,1309,AD,BC
937,153.5,59222,4957,EC,OC
938,153.5,59245,2719,IT,BCM
939,153.5,59254,1216,AD,BC
940,153.5,59267,2712,CE,BC
941,153.5,59276,1409,CS,BC
942,153.5,59286,1509,IT,BC
943,153.5,59291,3795,CS,OC
944,153.5,59299,3804,CS,OC
945,153.5,59314,1419,CS,BCM
946,153.5,59315,2764,CH,OC
947,153.5,59323,2735,IT,MBC
948,153.5,59334,2707,EC,OC
949,153.5,59335,1324,CS,SC
950,153.5,59344,4023,EE,OC
951,153.5,59349,2651,CS,BC
952,153.5,59352,4960,EE,BC
953,153.5,59371,1014,CS,SC
954,153.5,59376,1238,CS,BC
955,153.5,59391,1317,EE,OC
956,153.5,59392,2755,AE,OC
957,153.5,59415,4970,CS,SC
958,153.5,59423,2744,IT,BC
959,153.5,59445,5910,EC,BC
960,153.5,59457,3810,BM,BC
961,153.5,59470,2723,BM,OC
962,153.5,59495,5017,EC,OC
963,153.5,59497,1210,AD,MBC
964,153.5,59513,1210,EC,BC
965,153.5,59516,3465,EE,OC
966,153.5,59518,1137,CS,BC
967,153.5,59531,2706,EE,OC
968,153.5,59534,3795,CS,OC
969,153.5,59573,2636,EE,OC
970,153.5,59584,1216,IT,BC
971,153.5,59591,2723,IT,OC
972,153.5,59610,2607,IT,BC
973,153.5,59621,2727,AL,OC
974,153.5,59638,2713,IT,BC
975,153.5,59644,5910,IT,BC
976,153.5,59647,1437,EC,OC
977,153.5,59662,4024,EC,OC
978,153.5,59665,1316,IT,OC
979,153.5,59696,2702,BM,MBC
980,153.5,59702,2729,CS,BC
981,153.5,59734,2712,CE,BC
982,153.5,59756,2716,CS,OC
983,153.5,59765,1504,EC,OC
984,153.5,59775,1449,CS,OC
985,153.5,59782,1504,EC,OC
986,153.5,59793,2633,EC,OC
987,153.5,59795,2618,AD,BC
988,153.5,59798,2601,CS,SC
989,153.5,59799,2710,AD,SC
990,153.5,59811,1149,EC,BC
991,153.2,59843,1226,IT,SC
992,153.2,59852,3852,EC,OC
993,153.2,59856,2636,CS,SCA
994,153.1,59858,2755,CS,SC
995,153.1,59861,2719,EC,SC
996,153.0,59862,2739,AD,SCA
997,153.0,59882,2702,AG,BC
998,153.0,59887,4993,CS,OC
999,153.0,59898,1324,IT,SC
1000,153.0,59910,2609,CS,MBC
1001,153.0,59930,2622,IT,OC
1002,153.0,59935,1419,CB,BC
1003,153.0,59964,1216,AL,OC
1004,153.0,59969,2633,CS,BC
1005,153.0,59980,5919,CS,OC
1006,153.0,59985,2764,CB,OC
1007,153.0,60004,2706,AD,BC
1008,153.0,60027,1118,CB,OC
1009,153.0,60028,1509,CS,BC
1010,153.0,60029,1422,CY,BCM
1011,153.0,60107,5986,IT,SC
1012,153.0,60128,1424,CS,OC
1013,153.0,60145,3011,PH,SC
1014,153.0,60155,1519,IT,OC
1015,153.0,60158,2763,CB,OC
1016,153.0,60164,2625,IT,OC
1017,153.0,60173,2622,CS,MBC
1018,153.0,60205,5,IT,BC
1019,153.0,60253,2708,CS,SC
1020,153.0,60257,2722,EE,BC
1021,153.0,60270,2624,PH,OC
1022,153.0,60272,2726,EC,OC
1023,153.0,60291,3465,EE,OC
1024,153.0,60310,3810,CS,OC
1025,153.0,60316,2719,BM,OC
1026,153.0,60327,1441,CS,MBC
1027,153.0,60401,1013,IT,SC
1028,153.0,60418,2715,AG,MBC
1029,153.0,60485,2347,EC,BC
1030,153.0,60507,2704,EC,BC
1031,153.0,60510,1210,AD,MBC
1032,153.0,60530,5902,CS,MBC
1033,153.0,60565,2621,EC,MBC
1034,152.9,60571,2609,PH,BC
1035,152.9,60577,3464,EC,BC
1036,152.6,60607,3011,PC,MBC
1037,152.5,60617,2659,EC,MBC
1038,152.5,60626,2722,IT,SCA
1039,152.5,60635,3920,CS,OC
1040,152.5,60636,1202,CS,MBC
1041,152.5,60646,1516,EC,BC
1042,152.5,60676,3760,AD,OC
1043,152.5,60677,2704,CS,MBC
1044,152.5,60678,2656,EC,OC
1045,152.5,60714,2764,CE,OC
1046,152.5,60732,2328,IT,BC
1047,152.5,60757,3843,EC,BC
1048,152.5,60761,4941,EC,OC
1049,152.5,60763,2719,IT,BC
1050,152.5,60787,1419,EC,BCM
1051,152.5,60804,2716,BM,OC
1052,152.5,60823,1324,CO,OC
1053,152.5,60848,1324,SC,BC
1054,152.5,60893,2752,CS,OC
1055,152.5,60896,1238,AD,BC
1056,152.5,60904,2740,EC,SC
1057,152.5,60932,2611,CS,OC
1058,152.5,60943,2723,CS,OC
1059,152.5,60964,1419,EE,BC
1060,152.5,60970,2621,EC,SC
1061,152.5,60994,1014,EC,BC
1062,152.5,61013,2764,CB,BC
1063,152.5,61057,1321,MN,BC
1064,152.5,61077,1324,EC,OC
1065,152.5,61098,2719,RM,OC
1066,152.5,61117,1419,CB,MBC
1067,152.5,61123,1316,CH,OC
1068,152.5,61140,2740,CS,BC
1069,152.5,61156,3830,IT,BC
1070,152.5,61184,5907,AE,OC
1071,152.5,61192,3829,AD,OC
1072,152.5,61196,3806,CS,BC
1073,152.5,61197,1408,CS,OC
1074,152.5,61199,1210,CB,OC
1075,152.5,61201,3019,EE,OC
1076,152.5,61212,1120,IT,BC
1077,152.5,61230,1419,EE,BC
1078,152.5,61281,4995,CS,BC
1079,152.5,61292,2613,CS,OC
1080,152.5,61295,2718,ME,MBC
1081,152.5,61312,2727,AD,OC
1082,152.4,61317,2601,CS,MBC
1083,152.2,61338,2750,CS,SC
1084,152.2,61341,5901,ME,OC
1085,152.1,61348,1313,EC,OC
1086,152.1,61350,2729,AD,MBC
1087,152.0,61358,2314,CS,OC
1088,152.0,61360,2769,CS,BC
1089,152.0,61367,2639,IT,BC
1090,152.0,61412,2726,CS,BC
1091,152.0,61432,2622,IT,OC
1092,152.0,61439,3786,EC,OC
1093,152.0,61456,2718,MZ,BC
1094,152.0,61480,2642,AD,BC
1095,152.0,61554,2769,AD,BC
1096,152.0,61566,3821,CS,OC
1097,152.0,61588,2618,CE,OC
1098,152.0,61615,1412,CS,MBC
1099,152.0,61638,2710,EE,BC
1100,152.0,61689,2328,EC,MBC
1101,152.0,61695,5990,CS,OC
1102,152.0,61696,2627,BT,BC
1103,152.0,61717,1120,EC,BC
1104,152.0,61761,1419,EI,OC
1105,152.0,61766,1324,EC,MBC
1106,152.0,61805,1505,EC,OC
1107,152.0,61878,3830,CS,BC
1108,152.0,61893,2755,FD,SC
1109,152.0,61904,1409,EE,OC
1110,152.0,61907,2607,AD,MBC
1111,152.0,61943,3701,CS,OC
1112,152.0,61974,1424,AD,OC
1113,152.0,61981,2719,CJ,MBC
1114,152.0,61991,5901,ME,OC
1115,152.0,62007,5902,EC,OC
1116,152.0,62011,1216,EC,MBC
1117,152.0,62021,2609,AG,OC
1118,152.0,62029,1311,CS,OC
1119,152.0,62034,2739,EC,BC
1120,152.0,62054,2651,EE,OC
1121,152.0,62069,5910,IT,BC
1122,152.0,62087,1216,AD,MBC
1123,152.0,62089,2610,BM,MBC
1124,152.0,62101,2709,CE,MBC
1125,152.0,62103,1533,CS,SC
1126,151.9,62112,2360,CS,BC
1127,151.8,62118,3843,EE,OC
1128,151.8,62123,2769,BC,OC
1129,151.8,62125,2712,CE,SC
1130,151.7,62137,1150,AG,OC
1131,151.5,62173,1321,PA,BC
1132,151.5,62189,4960,ME,OC
1133,151.5,62219,1128,CS,SC
1134,151.5,62239,2329,AD,OC
1135,151.5,62245,2718,MZ,SCA
1136,151.5,62282,5,AM,SC
1137,151.5,62285,2618,AM,BC
1138,151.5,62332,2007,CN,SC
1139,151.5,62341,2640,CS,OC
1140,151.5,62364,1422,MD,OC
1141,151.5,62385,1409,CS,SC
1142,151.5,62389,2622,BM,OC
1143,151.5,62395,2716,IT,OC
1144,151.5,62400,4957,IT,BC
1145,151.5,62422,2704,AD,MBC
1146,151.5,62453,1210,EC,BC
1147,151.5,62491,4864,EC,BC
1148,151.5,62501,2712,TX,BC
1149,151.5,62525,2740,CS,MBC
1150,151.5,62530,1216,EC,BC
1151,151.5,62532,2622,CS,BC
1152,151.5,62536,2369,CE,OC
1153,151.5,62550,2606,CS,BC
1154,151.5,62552,4959,CS,OC
1155,151.5,62581,2627,CS,OC
1156,151.5,62590,1210,CB,BC
1157,151.5,62635,5865,CS,SCA
1158,151.5,62636,1140,AD,OC
1159,151.5,62649,3011,EE,OC
1160,151.5,62673,2342,EC,OC
1161,151.5,62712,4023,CS,MBC
1162,151.5,62714,1026,EE,BC
1163,151.5,62721,1411,BM,MBC
1164,151.5,62724,1120,AD,OC
1165,151.5,62753,3805,IT,OC
1166,151.5,62764,3810,AG,BC
1167,151.5,62767,2624,BT,OC
1168,151.5,62771,2719,EI,OC
1169,151.5,62780,2607,EC,OC
1170,151.5,62805,1407,MR,OC
1171,151.5,62845,1015,EC,MBC
1172,151.5,62851,2646,CS,OC
1173,151.4,62858,2601,EE,OC
1174,151.4,62862,5907,CB,OC
1175,151.2,62876,2751,CS,OC
1176,151.2,62877,2737,CS,OC
1177,151.2,62881,2329,EC,BCM
1178,151.0,62897,2752,CS,OC
1179,151.0,62912,1422,EI,OC
1180,151.0,62919,2702,AL,SC
1181,151.0,62920,5532,EE,OC
1182,151.0,62931,1210,AL,OC
1183,151.0,62933,2302,EC,MBC
1184,151.0,62936,2328,EE,OC
1185,151.0,62956,4917,BM,OC
1186,151.0,62973,2630,CS,BC
1187,151.0,63016,1306,EC,OC
1188,151.0,63029,2729,IT,OC
1189,151.0,63133,3817,EE,OC
1190,151.0,63180,1216,EC,MBC
1191,151.0,63212,2659,BM,OC
1192,151.0,63219,1306,EC,MBC
1193,151.0,63223,5009,EC,OC
1194,151.0,63224,5,CS,MBC
1195,151.0,63237,4023,CE,BC
1196,151.0,63282,1127,CS,OC
1197,151.0,63295,2749,CS,MBC
1198,151.0,63315,2,IS,BCM
1199,151.0,63320,2025,EE,SCA
1200,151.0,63335,2711,MZ,OC
1201,151.0,63336,2727,AD,BC
1202,151.0,63339,2639,AD,MBC
1203,151.0,63376,1317,AL,MBC
1204,151.0,63421,5865,EC,OC
1205,151.0,63451,5010,EC,BC
1206,151.0,63456,2632,CS,OC
1207,151.0,63474,2601,EC,MBC
1208,151.0,63536,5010,EC,MBC
1209,151.0,63546,2327,EE,SCA
1210,151.0,63553,1422,EE,MBC
1211,150.6,63594,2727,AD,MBC
1212,150.5,63618,2727,CS,OC
1213,150.5,63622,4955,CS,SC
1214,150.5,63652,2608,ME,OC
1215,150.5,63658,2642,EC,MBC
1216,150.5,63672,2744,CS,MBC
1217,150.5,63684,2302,CS,BC
1218,150.5,63707,1424,AD,BC
1219,150.5,63751,2726,AL,OC
1220,150.5,63768,2712,EE,SC
1221,150.5,63769,5919,EC,OC
1222,150.5,63777,2608,CB,OC
1223,150.5,63791,3011,EC,MBC
1224,150.5,63816,1408,CS,OC
1225,150.5,63822,3819,ME,OC
1226,150.5,63855,2702,BM,BC
1227,150.5,63865,4970,CS,MBC
1228,150.5,63886,2006,PN,SC
1229,150.5,63913,2302,IT,SCA
1230,150.5,63934,2357,AD,OC
1231,150.5,63935,1233,AD,BC
1232,150.5,63943,2718,CE,MBC
1233,150.5,63979,2722,ME,OC
1234,150.5,63992,2608,IT,BC
1235,150.5,63993,2639,AD,BC
1236,150.5,64007,2608,EC,MBC
1237,150.5,64012,1237,CS,BC
1238,150.5,64034,2734,CS,MBC
1239,150.5,64035,1409,AD,OC
1240,150.5,64039,2751,CS,MBC
1241,150.5,64053,1219,MU,BC
1242,150.5,64063,2641,CS,OC
1243,150.5,64077,2611,EC,OC
1244,150.5,64090,3812,EE,OC
1245,150.5,64099,1216,EC,BC
1246,150.5,64156,1412,IT,OC
1247,150.5,64165,2661,IT,BC
1248,150.5,64169,3806,CB,MBC
1249,150.5,64175,3410,CS,MBC
1250,150.5,64183,2302,AG,OC
1251,150.5,64191,2702,MC,OC
1252,150.5,64218,1322,AD,OC
1253,150.5,64252,2758,IT,SC
1254,150.5,64294,1605,CS,MBC
1255,150.5,64298,2715,CH,MBC
1256,150.4,64300,1211,BM,SC
1257,150.4,64303,1430,ME,OC
1258,150.4,64306,2329,AG,SC
1259,150.1,64321,3821,CS,BC
1260,150.1,64323,1122,IT,BC
1261,150.0,64335,2763,CB,BC
1262,150.0,64349,2607,CB,OC
1263,150.0,64376,4974,CE,OC
1264,150.0,64390,1114,CS,BC
1265,150.0,64420,3908,CS,OC
1266,150.0,64435,5010,EE,OC
1267,150.0,64454,1419,EI,BC
1268,150.0,64501,1216,AL,OC
1269,150.0,64553,1419,EE,MBC
1270,150.0,64562,3760,CS,BCM
1271,150.0,64586,2329,AD,MBC
1272,150.0,64594,2624,AD,SC
1273,150.0,64620,1210,AL,BC
1274,150.0,64677,2744,CE,OC
1275,150.0,64691,2005,PR,BC
1276,150.0,64705,3810,AD,BC
1277,150.0,64762,2736,CS,MBC
1278,150.0,64772,2618,FT,OC
1279,150.0,64785,1324,CO,BC
1280,150.0,64794,1419,CJ,MBC
1281,150.0,64798,5832,CS,MBC
1282,150.0,64825,4933,CS,OC
1283,150.0,64908,1523,CS,OC
1284,150.0,64912,1301,CS,BC
1285,150.0,64920,5,AM,MBC
1286,150.0,64947,1233,EC,BC
1287,150.0,64988,2702,AL,BCM
1288,150.0,64990,1216,EC,BC
1289,150.0,65031,2725,CS,SC
1290,149.9,65033,2640,CS,MBC
1291,149.5,65065,3701,CS,OC
1292,149.5,65093,2706,EE,BC
1293,149.5,65104,2739,EC,MBC
1294,149.5,65107,1309,EE,OC
1295,149.5,65133,2727,AL,BC
1296,149.5,65143,2620,TS,MBC
1297,149.5,65172,2025,ME,MBC
1298,149.5,65185,2723,MD,OC
1299,149.5,65190,2727,CS,MBC
1300,149.5,65194,2716,AE,OC
1301,149.5,65219,2743,ME,OC
1302,149.5,65242,2302,BM,OC
1303,149.5,65303,4960,CE,OC
1304,149.5,65310,3817,EC,BC
1305,149.5,65355,3926,EC,OC
1306,149.5,65363,2656,EC,MBC
1307,149.5,65419,1303,CS,BC
1308,149.5,65433,2722,EE,SC
1309,149.5,65438,2739,EC,MBC
1310,149.5,65443,5008,MF,SCA
1311,149.5,65448,2715,EC,OC
1312,149.5,65451,3826,CE,BC
1313,149.5,65461,3465,EE,MBC
1314,149.5,65477,1112,EC,SC
1315,149.5,65491,2653,CB,BC
1316,149.5,65504,5986,IT,MBC
1317,149.5,65535,4023,EC,BC
1318,149.5,65552,2752,CS,MBC
1319,149.5,65556,3425,AD,MBC
1320,149.5,65562,2739,CS,SC
1321,149.5,65570,2715,AD,OC
1322,149.5,65575,2622,IT,OC
1323,149.5,65599,5022,CS,MBC
1324,149.5,65612,1222,IT,OC
1325,149.5,65625,1118,IT,BC
1326,149.5,65632,1210,AD,MBC
1327,149.5,65635,4944,CS,OC
1328,149.5,65636,4962,EC,MBC
1329,149.5,65643,1210,CB,MBC
1330,149.5,65658,2607,CS,SC
1331,149.5,65662,2711,CH,BC
1332,149.5,65675,4917,EC,OC
1333,149.5,65713,2769,FD,SC
1334,149.5,65731,4962,IT,BC
1335,149.5,65736,5010,CE,SC
1336,149.5,65763,1216,AL,MBC
1337,149.4,65765,1106,IT,OC
1338,149.4,65772,1430,ME,SC
1339,149.4,65773,2006,RA,SC
1340,149.1,65786,1209,IT,OC
1341,149.1,65787,1412,AD,MBC
1342,149.1,65792,1216,AD,BC
1343,149.0,65801,2764,EE,OC
1344,149.0,65804,4669,CS,OC
1345,149.0,65809,1519,ME,OC
1346,149.0,65815,1216,CI,MBC
1347,149.0,65837,3019,CE,OC
1348,149.0,65845,2628,AD,OC
1349,149.0,65853,1431,CS,MBC
1350,149.0,65863,2354,EC,OC
1351,149.0,65881,2006,MY,SC
1352,149.0,65882,2710,ET,BC
1353,149.0,65926,1120,EC,BC
1354,149.0,65934,1210,EE,OC
1355,149.0,65943,4960,IT,SC
1356,149.0,65964,2749,SC,OC
1357,149.0,66034,2718,ME,BC
1358,149.0,66080,1325,AD,OC
1359,149.0,66096,1210,CB,BC
1360,149.0,66098,2747,CS,OC
1361,149.0,66106,2711,ME,OC
1362,149.0,66108,4944,IT,OC
1363,149.0,66160,5008,CE,BCM
1364,149.0,66167,2377,ME,BCM
1365,149.0,66173,2726,CS,MBC
1366,149.0,66176,4024,EC,BC
1367,149.0,66203,4992,CS,OC
1368,149.0,66219,3011,EC,MBC
1369,149.0,66242,2727,CS,MBC
1370,149.0,66246,2708,AL,BC
1371,149.0,66255,1324,CO,MBC
1372,149.0,66279,2734,EC,OC
1373,149.0,66295,1225,CS,MBC
1374,149.0,66309,2744,EC,OC
1375,149.0,66344,1211,BT,MBC
1376,149.0,66365,3425,EC,OC
1377,149.0,66367,1211,ME,BC
1378,149.0,66372,2764,CH,BC
1379,149.0,66390,1504,CS,BC
1380,149.0,66421,5,EE,OC
1381,149.0,66442,1412,EC,OC
1382,149.0,66444,2727,IT,OC
1383,149.0,66448,3795,CS,BC
1384,149.0,66456,1307,AM,OC
1385,149.0,66464,2740,EC,BC
1386,149.0,66466,3822,CS,MBC
1387,149.0,66485,1504,CS,BC
1388,149.0,66486,1110,CS,OC
1389,149.0,66496,2624,BT,OC
1390,148.9,66504,3841,CS,BC
1391,148.9,66507,2710,EC,SC
1392,148.7,66518,2634,IT,SC
1393,148.6,66523,2606,EE,MBC
1394,148.6,66525,2743,BM,OC
1395,148.5,66527,1015,XM,OC
1396,148.5,66528,1311,AE,OC
1397,148.5,66532,2752,CS,BC
1398,148.5,66559,2640,AD,OC
1399,148.5,66578,4955,CB,OC
1400,148.5,66590,1120,AD,OC
1401,148.5,66601,2706,EE,BC
1402,148.5,66614,2624,EC,OC
1403,148.5,66620,2739,EE,MBC
1404,148.5,66621,4669,CS,OC
1405,148.5,66632,2727,EC,OC
1406,148.5,66636,2613,EC,OC
1407,148.5,66715,5913,EC,OC
1408,148.5,66761,2622,CB,BC
1409,148.5,66762,2727,EC,OC
1410,148.5,66783,2736,IT,BC
1411,148.5,66789,1237,EC,OC
1412,148.5,66790,2611,CS,OC
1413,148.5,66792,1118,AD,OC
1414,148.5,66793,2707,EC,BC
1415,148.5,66799,3466,CS,OC
1416,148.5,66807,2726,IT,BC
1417,148.5,66813,2624,BT,MBC
1418,148.5,66904,1228,BM,OC
1419,148.5,66922,2673,EC,OC
1420,148.5,66938,2643,CS,BC
1421,148.5,66949,2715,ME,OC
1422,148.5,67006,1216,EC,BCM
1423,148.5,67018,2609,IT,OC
1424,148.5,67063,1118,CB,BC
1425,148.5,67064,1513,IT,SC
1426,148.5,67070,1507,CS,OC
1427,148.5,67073,5907,IT,BC
1428,148.5,67100,1122,IT,SC
1429,148.5,67123,2007,CL,SCA
1430,148.5,67131,2006,RA,SCA
1431,148.5,67146,1149,EC,MBC
1432,148.5,67147,2727,EC,MBC
1433,148.5,67200,1219,ME,OC
1434,148.5,67216,2347,EC,MBC
1435,148.5,67233,2726,CS,BC
1436,148.5,67238,2610,ME,OC
1437,148.3,67294,2625,CS,OC
1438,148.2,67297,2369,EE,OC
1439,148.2,67299,4023,CE,SC
1440,148.1,67307,5907,IT,MBC
1441,148.1,67308,1140,CB,BC
1442,148.0,67311,3829,EC,OC
1443,148.0,67312,5536,ME,OC
1444,148.0,67322,1316,IT,BC
1445,148.0,67347,2608,EC,BC
1446,148.0,67349,2329,BM,MBC
1447,148.0,67360,5910,IT,MBC
1448,148.0,67389,1501,CS,MBC
1449,148.0,67412,1401,EC,BC
1450,148.0,67416,2723,AD,OC
1451,148.0,67448,5901,ME,BC
1452,148.0,67457,1124,MR,BC
1453,148.0,67485,3760,AG,MBC
1454,148.0,67493,2007,CE,SCA
1455,148.0,67501,1316,MU,OC
1456,148.0,67541,2702,CE,MBC
1457,148.0,67597,2347,IT,OC
1458,148.0,67665,5990,CS,OC
1459,148.0,67672,2345,CS,MBC
1460,148.0,67687,2625,AG,MBC
1461,148.0,67708,2706,EE,MBC
1462,148.0,67713,1118,EC,OC
1463,148.0,67717,3810,CS,OC
1464,148.0,67745,1120,AD,MBC
1465,148.0,67764,2706,CS,SC
1466,148.0,67791,2607,IT,BC
1467,148.0,67806,3844,AD,OC
1468,148.0,67812,2718,ME,BC
1469,148.0,67815,2656,EC,BC
1470,148.0,67819,2715,EC,BC
1471,148.0,67853,2314,CS,SC
1472,148.0,67897,3805,IT,OC
1473,148.0,67907,2613,CS,OC
1474,148.0,67917,2006,PS,SC
1475,148.0,67957,2739,AD,SC
1476,148.0,67971,1324,EE,OC
1477,148.0,67988,2603,ME,OC
1478,148.0,67990,4960,BM,OC
1479,148.0,67996,2712,FT,BC
1480,148.0,67997,3461,EE,OC
1481,147.7,68012,2615,ME,BC
1482,147.7,68014,1013,CS,SC
1483,147.5,68041,1421,EC,OC
1484,147.5,68046,2711,FD,MBC
1485,147.5,68048,1226,IT,BC
1486,147.5,68049,5919,ME,OC
1487,147.5,68089,3011,IT,BCM
1488,147.5,68118,1520,AD,OC
1489,147.5,68122,3425,CS,BC
1490,147.5,68179,2715,SC,OC
1491,147.5,68188,2617,CS,BC
1492,147.5,68217,2723,CS,MBC
1493,147.5,68252,3011,ME,OC
1494,147.5,68258,2634,AE,OC
1495,147.5,68262,4917,EC,BC
1496,147.5,68302,1505,IT,MBC
1497,147.5,68341,2715,CS,OC
1498,147.5,68358,2715,CS,OC
1499,147.5,68366,2302,AG,BC
1500,147.5,68371,4928,EC,OC
1501,147.5,68383,2647,CS,OC
1502,147.5,68404,4934,BM,MBC
1503,147.5,68421,2618,AD,BC
1504,147.5,68425,2656,EE,BC
1505,147.5,68436,4961,CS,OC
1506,147.5,68440,2338,BM,OC
1507,147.5,68469,5919,BT,OC
1508,147.5,68473,1306,EC,BC
1509,147.5,68476,1216,EI,OC
1510,147.5,68488,2620,BM,BC
1511,147.5,68500,1437,EC,MBC
1512,147.5,68529,1226,CS,OC
1513,147.5,68534,3410,EE,OC
1514,147.5,68535,1210,CS,SC
1515,147.5,68579,2713,CS,OC
1516,147.5,68609,2702,MC,BC
1517,147.5,68652,1219,EE,SC
1518,147.5,68654,3701,CS,MBC
1519,147.5,68656,2347,CS,BC
1520,147.5,68664,2639,EC,BC
1521,147.5,68679,4933,CS,OC
1522,147.5,68709,2708,EE,OC
1523,147.5,68713,2727,EC,BC
1524,147.5,68726,2349,AD,OC
1525,147.5,68775,2627,IT,OC
1526,147.5,68776,2314,AG,OC
1527,147.4,68783,2329,BM,BC
1528,147.0,68810,2621,IT,OC
1529,147.0,68833,4917,ME,BC
1530,147.0,68839,2005,IB,BC
1531,147.0,68855,1322,BM,OC
1532,147.0,68868,1516,CE,BC
1533,147.0,68893,1120,EC,MBC
1534,147.0,68906,2369,CE,BC
1535,147.0,68917,1307,AD,OC
1536,147.0,68989,1516,ME,OC
1537,147.0,69003,2651,EE,MBC
1538,147.0,69024,3805,CS,OC
1539,147.0,69026,1118,AD,MBC
1540,147.0,69031,1120,AD,SC
1541,147.0,69040,5930,ME,OC
1542,147.0,69044,2750,EE,BC
1543,147.0,69098,3801,IT,OC
1544,147.0,69110,3011,CE,OC
1545,147.0,69152,1118,CS,BC
1546,147.0,69161,2601,EC,MBC
1547,147.0,69190,1311,EC,OC
1548,147.0,69212,1322,EE,OC
1549,147.0,69231,2328,CS,MBC
1550,147.0,69260,2708,FD,SC
1551,147.0,69282,4023,EE,OC
1552,147.0,69284,1149,EC,MBC
1553,147.0,69288,2740,AE,BC
1554,147.0,69309,4981,EC,OC
1555,147.0,69338,2632,CS,BC
1556,147.0,69347,2653,EC,BC
1557,147.0,69353,2740,EC,MBC
1558,147.0,69416,2752,EC,OC
1559,147.0,69422,1211,BT,MBC
1560,147.0,69442,2729,MZ,OC
1561,147.0,69453,3805,IT,MBC
1562,147.0,69454,2735,AD,BC
1563,147.0,69461,2751,IT,MBC
1564,147.0,69487,5919,EC,OC
1565,147.0,69489,2710,EE,SC
1566,147.0,69506,2638,CS,OC
1567,147.0,69510,3021,EC,OC
1568,147.0,69518,1226,CS,MBC
1569,146.9,69524,2656,ME,OC
1570,146.8,69527,2711,AD,SC
1571,146.8,69528,2715,AG,BC
1572,146.8,69531,2611,PH,OC
1573,146.6,69544,1605,EC,BC
1574,146.5,69548,1505,CS,OC
1575,146.5,69550,2709,EE,BC
1576,146.5,69552,2613,ME,OC
1577,146.5,69562,2627,BT,MBC
1578,146.5,69567,3821,EC,OC
1579,146.5,69580,1114,EC,OC
1580,146.5,69589,2723,EC,OC
1581,146.5,69637,1422,EI,BC
1582,146.5,69672,3461,CS,OC
1583,146.5,69681,1512,EC,OC
1584,146.5,69690,2653,EE,BC
1585,146.5,69719,2729,CS,MBC
1586,146.5,69726,2327,EC,BC
1587,146.5,69731,2719,EC,BCM
1588,146.5,69738,2741,CS,BC
1589,146.5,69749,2727,IT,OC
1590,146.5,69754,3011,EE,OC
1591,146.5,69782,1310,CS,OC
1592,146.5,69796,5862,BM,OC
1593,146.5,69805,2712,ME,BC
1594,146.5,69809,5536,ME,MBC
1595,146.5,69814,1322,AG,OC
1596,146.5,69824,2661,CS,BC
1597,146.5,69829,1422,EI,MBC
1598,146.5,69835,2613,EC,MBC
1599,146.5,69890,1237,AD,OC
1600,146.5,69892,5009,EC,OC
1601,146.5,69901,2711,MZ,OC
1602,146.5,69933,2708,MZ,OC
1603,146.5,69939,5904,CS,MBC
1604,146.5,69942,2764,ME,OC
1605,146.5,69944,3905,EE,OC
1606,146.5,69981,1216,CS,SC
1607,146.5,69991,2740,ME,OC
1608,146.5,70057,2617,AD,OC
1609,146.5,70067,2745,AD,OC
1610,146.5,70070,3805,IT,BC
1611,146.5,70075,1424,EE,OC
1612,146.5,70103,3852,CS,OC
1613,146.5,70119,2636,AD,SC
1614,146.5,70142,2758,EC,OC
1615,146.5,70163,5901,ME,BC
1616,146.5,70173,1114,CS,BC
1617,146.5,70187,2653,ME,OC
1618,146.5,70190,2615,ME,BC
1619,146.5,70220,3011,EE,MBC
1620,146.5,70227,2613,IT,MBC
1621,146.5,70232,1324,EE,BC
1622,146.5,70246,2329,IT,BC
1623,146.5,70256,1317,CE,OC
1624,146.5,70263,3805,FD,OC
1625,146.5,70265,4965,AD,BC
1626,146.4,70277,2747,EC,SC
1627,146.4,70282,2609,EC,OC
1628,146.3,70285,2640,CS,MBC
1629,146.2,70295,1122,CH,OC
1630,146.2,70300,2715,EE,OC
1631,146.1,70302,1114,EE,OC
1632,146.0,70307,1516,EC,SC
1633,146.0,70328,3011,ME,OC
1634,146.0,70339,2707,CD,OC
1635,146.0,70350,4944,CS,OC
1636,146.0,70354,1510,EC,OC
1637,146.0,70380,4960,EC,MBC
1638,146.0,70389,2718,CE,BC
1639,146.0,70394,4669,CE,OC
1640,146.0,70454,1237,IT,BC
1641,146.0,70458,2302,BM,OC
1642,146.0,70468,1110,CS,OC
1643,146.0,70499,1412,IT,SC
1644,146.0,70502,1219,CH,BC
1645,146.0,70526,4970,EC,MBC
1646,146.0,70530,4974,CE,BC
1647,146.0,70545,1218,CS,OC
1648,146.0,70551,1210,CS,SCA
1649,146.0,70580,1210,CB,MBC
1650,146.0,70582,2611,CS,BC
1651,146.0,70598,1226,IT,MBC
1652,146.0,70620,4917,AD,BC
1653,146.0,70651,2776,MZ,OC
1654,146.0,70702,2707,BM,BC
1655,146.0,70706,1149,AD,BC
1656,146.0,70710,5536,EE,SC
1657,146.0,70713,2607,CE,SC
1658,146.0,70725,4980,CS,BC
1659,146.0,70762,1210,EC,BCM
1660,146.0,70773,2734,IT,MBC
1661,146.0,70778,2642,EE,OC
1662,146.0,70779,1525,CS,OC
1663,146.0,70793,2609,CS,BCM
1664,146.0,70798,2751,CS,BC
1665,146.0,70806,2764,EE,BC
1666,146.0,70816,2603,EE,BC
1667,146.0,70848,2627,IT,MBC
1668,146.0,70880,4959,IT,OC
1669,146.0,70901,2328,EE,SC
1670,146.0,70904,2611,CS,BC
1671,146.0,70914,2617,SC,OC
1672,146.0,70925,3011,AU,OC
1673,146.0,70971,1114,IT,MBC
1674,146.0,70986,1324,CS,BCM
1675,146.0,71002,1432,ME,OC
1676,146.0,71004,4970,ME,OC
1677,145.6,71025,5912,CE,OC
1678,145.6,71028,2707,BM,SC
1679,145.5,71038,1518,CS,MBC
1680,145.5,71041,4974,ME,OC
1681,145.5,71057,3812,IT,OC
1682,145.5,71061,3795,EE,OC
1683,145.5,71104,2749,CS,BC
1684,145.5,71159,2659,BM,MBC
1685,145.5,71162,2708,CS,SCA
1686,145.5,71177,2659,EC,BC
1687,145.5,71192,5910,CB,MBC
1688,145.5,71204,3812,CE,OC
1689,145.5,71209,3810,EC,BC
1690,145.5,71216,2711,ME,MBC
1691,145.5,71273,1322,AD,BC
1692,145.5,71288,1411,IT,OC
1693,145.5,71303,2727,CS,BC
1694,145.5,71308,1450,ME,SC
1695,145.5,71319,1222,CS,OC
1696,145.5,71321,2357,CS,OC
1697,145.5,71324,1325,CS,BC
1698,145.5,71342,3011,CE,OC
1699,145.5,71393,2624,AG,MBC
1700,145.5,71395,3019,CS,MBC
1701,145.5,71396,2345,EC,OC
1702,145.5,71417,2636,EE,MBC
1703,145.5,71434,2621,EC,BC
1704,145.5,71444,1118,IT,SC
1705,145.5,71450,2636,EC,MBC
1706,145.5,71457,2715,AD,BC
1707,145.5,71459,2625,CS,SC
1708,145.5,71489,1519,IT,MBC
1709,145.5,71500,1322,CS,SC
1710,145.5,71517,1026,ME,OC
1711,145.5,71528,4023,CS,MBC
1712,145.5,71533,2708,BM,MBC
1713,145.5,71557,2620,EE,MBC
1714,145.5,71571,2006,MS,SC
1715,145.5,71573,4917,IT,OC
1716,145.5,71591,1401,CS,BC
1717,145.5,71599,3819,EE,MBC
1718,145.5,71612,2733,FT,OC
1719,145.5,71617,2329,AD,BC
1720,145.5,71626,1120,EC,MBC
1721,145.5,71627,2618,EE,BC
1722,145.5,71639,3786,CS,BC
1723,145.5,71640,2711,CE,OC
1724,145.5,71642,1122,BT,MBC
1725,145.5,71678,5910,IT,SC
1726,145.5,71684,3786,AE,OC
1727,145.5,71715,1412,IT,BC
1728,145.4,71724,1441,CE,OC
1729,145.4,71726,2727,CS,BC
1730,145.1,71738,2725,CS,SC
1731,145.0,71739,2750,ME,SC
1732,145.0,71762,2749,SC,SCA
1733,145.0,71773,2768,CS,OC
1734,145.0,71781,2727,IT,BC
1735,145.0,71784,2715,EE,BC
1736,145.0,71794,3795,CS,BC
1737,145.0,71815,1210,EC,MBC
1738,145.0,71819,2621,IT,MBC
1739,145.0,71828,2613,CS,BC
1740,145.0,71830,1507,CS,BC
1741,145.0,71839,1311,IT,BC
1742,145.0,71857,2617,MD,BC
1743,145.0,71869,2740,CS,SC
1744,145.0,71881,2620,EC,BC
1745,145.0,71888,2707,CD,BC
1746,145.0,71889,2723,CE,OC
1747,145.0,71904,2723,CS,BC
1748,145.0,71914,3829,IT,SC
1749,145.0,71925,2708,BM,BC
1750,145.0,71939,2768,CE,BC
1751,145.0,71944,2712,ME,BC
1752,145.0,71955,5942,IT,BC
1753,145.0,71960,2610,EC,BC
1754,145.0,71969,2712,AU,MBC
1755,145.0,71977,4959,CS,OC
1756,145.0,71983,1427,CS,OC
1757,145.0,71986,2727,IT,BC
1758,145.0,71987,2711,AL,SC
1759,145.0,71988,3807,EC,BC
1760,145.0,71998,2736,AD,BC
1761,145.0,72023,1149,EE,OC
1762,145.0,72025,5009,CE,OC
1763,145.0,72054,3817,BT,MBC
1764,145.0,72055,3804,AU,OC
1765,145.0,72060,2627,CS,BC
1766,145.0,72063,2614,IT,OC
1767,145.0,72080,2611,AM,OC
1768,145.0,72142,1311,CS,MBC
1769,145.0,72160,2608,CS,BC
1770,145.0,72206,4955,IT,BC
1771,145.0,72207,1101,AD,OC
1772,145.0,72212,2615,CE,BC
1773,145.0,72238,1122,AD,OC
1774,145.0,72263,1437,IT,MBC
1775,145.0,72354,3826,EC,MBC
1776,145.0,72360,5502,CS,OC
1777,145.0,72363,4944,CS,OC
1778,145.0,72369,2743,CS,OC
1779,145.0,72371,3016,CS,SC
1780,145.0,72402,2710,EC,ST
1781,145.0,72409,2751,EC,OC
1782,145.0,72437,1222,CS,OC
1783,145.0,72439,2611,BM,MBC
1784,145.0,72465,1316,MU,MBC
1785,145.0,72470,3926,CS,OC
1786,145.0,72472,1430,CS,OC
1787,144.9,72477,5,EE,OC
1788,144.5,72493,5530,CS,BC
1789,144.5,72525,2612,CS,OC
1790,144.5,72540,2620,TS,BC
1791,144.5,72554,3806,CS,MBC
1792,144.5,72570,2702,EC,BCM
1793,144.5,72588,4023,EC,MBC
1794,144.5,72608,4917,BM,BC
1795,144.5,72630,5910,AD,OC
1796,144.5,72664,2642,EE,OC
1797,144.5,72676,2357,IT,OC
1798,144.5,72714,5990,CS,BC
1799,144.5,72715,2634,CS,BC
1800,144.5,72739,4993,CS,BC
1801,144.5,72742,4960,BM,BC
1802,144.5,72753,2625,BM,OC
1803,144.5,72756,1112,CB,SC
1804,144.5,72762,2722,CE,OC
1805,144.5,72769,2611,CS,MBC
1806,144.5,72785,5832,EC,OC
1807,144.5,72790,1311,AE,MBC
1808,144.5,72796,2633,EC,OC
1809,144.5,72803,2634,IT,SC
1810,144.5,72806,2611,EC,OC
1811,144.5,72810,2726,EC,BC
1812,144.5,72833,2025,EE,BC
1813,144.5,72851,2719,RM,BC
1814,144.5,72873,2625,BM,MBC
1815,144.5,72874,4917,IT,OC
1816,144.5,72915,1026,ME,MBC
1817,144.5,72926,1110,EC,BC
1818,144.5,72928,5986,EE,BC
1819,144.5,72938,2734,CS,BC
1820,144.5,72942,1422,AG,BC
1821,144.5,72950,3805,ME,OC
1822,144.5,72981,2727,BM,OC
1823,144.5,72983,4984,EC,OC
1824,144.5,72986,2611,CI,OC
1825,144.5,73007,2758,CS,BC
1826,144.5,73011,2329,BT,SC
1827,144.5,73033,1210,IT,SC
1828,144.5,73042,2715,CS,MBC
1829,144.5,73047,5910,EC,BC
1830,144.5,73055,2702,TX,OC
1831,144.5,73068,2624,AD,BC
1832,144.5,73093,2711,CE,OC
1833,144.5,73097,1319,AD,OC
1834,144.5,73120,2707,IT,OC
1835,144.5,73122,1114,CB,OC
1836,144.5,73124,2736,CS,BC
1837,144.5,73133,2723,EC,MBC
1838,144.5,73153,3829,CS,OC
1839,144.5,73195,3810,CS,BC
1840,144.5,73208,1513,IT,BC
1841,144.5,73212,5910,BM,OC
1842,144.5,73217,1412,EE,OC
1843,144.5,73238,2747,EE,OC
1844,144.3,73246,1216,AD,SC
1845,144.2,73250,2636,ME,OC
1846,144.1,73253,1216,AD,SC
1847,144.1,73257,1421,CE,OC
1848,144.0,73264,1430,ME,MBC
1849,144.0,73282,1316,CS,OC
1850,144.0,73300,2607,TX,OC
1851,144.0,73325,2608,AD,BC
1852,144.0,73406,2618,BM,BC
1853,144.0,73416,1211,CE,OC
1854,144.0,73418,2750,BT,OC
1855,144.0,73427,2734,AD,OC
1856,144.0,73471,3011,EE,SC
1857,144.0,73492,3803,EC,BC
1858,144.0,73527,2707,EC,BC
1859,144.0,73548,2627,CS,MBC
1860,144.0,73559,2707,CS,BC
1861,144.0,73562,2606,CS,MBC
1862,144.0,73569,2621,CB,OC
1863,144.0,73587,1519,EE,OC
1864,144.0,73591,2707,CH,BC
1865,144.0,73597,2607,FD,OC
1866,144.0,73603,1118,EC,BC
1867,144.0,73615,4965,EC,OC
1868,144.0,73629,1413,CS,BC
1869,144.0,73635,1411,EC,OC
1870,144.0,73641,5919,EC,MBC
1871,144.0,73643,2764,ME,BC
1872,144.0,73645,3011,XC,BC
1873,144.0,73667,1118,BM,OC
1874,144.0,73672,3019,EC,BC
1875,144.0,73691,1519,CS,SC
1876,144.0,73717,4917,CB,OC
1877,144.0,73723,5017,CS,OC
1878,144.0,73726,2727,AG,MBC
1879,144.0,73730,5530,EC,OC
1880,144.0,73737,2713,CS,BC
1881,144.0,73822,4961,EC,OC
1882,144.0,73824,2750,CB,BC
1883,144.0,73885,3817,CS,MBC
1884,144.0,73916,2608,CB,MBC
1885,144.0,73957,4960,EC,BCM
1886,144.0,73964,2609,IT,BC
1887,144.0,73976,3011,EE,BC
1888,144.0,73984,2734,AD,MBC
1889,144.0,73988,2610,ME,OC
1890,143.9,73989,5919,CS,SC
1891,143.5,74031,3826,ME,OC
1892,143.5,74033,2634,EE,OC
1893,143.5,74036,3806,CS,BC
1894,143.5,74046,1405,CS,OC
1895,143.5,74066,2709,ME,OC
1896,143.5,74093,3760,AD,MBC
1897,143.5,74136,1504,EE,OC
1898,143.5,74144,2025,ME,BC
1899,143.5,74160,2329,XS,OC
1900,143.5,74238,1405,AD,OC
1901,143.5,74244,1507,IT,BC
1902,143.5,74253,2342,EC,BC
1903,143.5,74268,2610,EC,BC
1904,143.5,74277,2736,EC,OC
1905,143.5,74279,2632,BM,OC
1906,143.5,74292,3833,CS,OC
1907,143.5,74309,2622,CS,BC
1908,143.5,74310,3464,EE,OC
1909,143.5,74312,2006,TT,SC
1910,143.5,74324,2607,AD,BC
1911,143.5,74332,5919,CS,MBC
1912,143.5,74350,3795,AD,MBC
1913,143.5,74365,2617,IT,BC
1914,143.5,74375,3701,CS,MBC
1915,143.5,74415,4957,EC,OC
1916,143.5,74420,2632,IT,OC
1917,143.5,74437,5935,EE,OC
1918,143.5,74446,2751,EC,OC
1919,143.5,74460,3807,IT,MBC
1920,143.5,74496,2734,AD,BC
1921,143.5,74546,4680,CE,OC
1922,143.5,74561,1422,AG,MBC
1923,143.5,74564,1317,EE,BC
1924,143.5,74573,2369,EE,BC
1925,143.5,74597,2625,CS,MBC
1926,143.5,74618,5832,AD,BC
1927,143.5,74622,2735,EC,ST
1928,143.5,74630,4964,CS,OC
1929,143.5,74638,2608,AL,OC
1930,143.5,74648,1140,AD,MBC
1931,143.5,74653,3844,BM,OC
1932,143.5,74661,2741,CS,BC
1933,143.5,74669,1408,CS,MBC
1934,143.5,74672,3795,CS,SC
1935,143.5,74677,1118,AD,BC
1936,143.5,74699,2347,AG,SC
1937,143.5,74719,1507,CS,MBC
1938,143.3,74742,2776,AG,OC
1939,143.3,74743,4928,EE,OC
1940,143.2,74748,1140,AD,BC
1941,143.1,74752,2651,FT,OC
1942,143.0,74757,4974,ME,OC
1943,143.0,74791,1519,IT,BC
1944,143.0,74799,5919,EC,BC
1945,143.0,74813,2704,MZ,OC
1946,143.0,74825,1237,EC,OC
1947,143.0,74850,2345,IT,OC
1948,143.0,74852,1210,EE,BC
1949,143.0,74861,1123,CS,OC
1950,143.0,74882,2727,IT,MBC
1951,143.0,74916,2314,EE,OC
1952,143.0,74932,2607,AM,OC
1953,143.0,74962,2369,CE,SC
1954,143.0,74973,1126,CS,OC
1955,143.0,74986,2620,BM,MBC
1956,143.0,75002,2622,IT,BC
1957,143.0,75003,3810,EE,OC
1958,143.0,75012,1505,CS,MBC
1959,143.0,75025,2623,EC,OC
1960,143.0,75031,4960,BT,OC
1961,143.0,75052,2743,EE,BC
1962,143.0,75053,3826,AD,BC
1963,143.0,75067,3011,EC,SC
1964,143.0,75068,2764,CH,MBC
1965,143.0,75070,1304,BM,MBC
1966,143.0,75076,2727,SC,MBC
1967,143.0,75098,2734,TS,OC
1968,143.0,75123,2641,CS,MBC
1969,143.0,75158,4917,CS,MBC
1970,143.0,75170,1015,EC,BC
1971,143.0,75175,1509,CS,MBC
1972,143.0,75192,2717,CS,BC
1973,143.0,75234,1309,EC,MBC
1974,143.0,75287,4672,CS,BC
1975,143.0,75291,2715,AD,MBC
1976,143.0,75308,3795,AD,BC
1977,143.0,75324,1324,EC,BC
1978,143.0,75357,3805,IT,BC
1979,143.0,75386,2726,EC,MBC
1980,143.0,75426,1317,EI,OC
1981,143.0,75439,5910,EC,MBC
1982,143.0,75443,5,CS,MBC
1983,143.0,75480,3011,PH,MBC
1984,143.0,75486,2743,BM,BC
1985,143.0,75495,4669,CS,SC
1986,142.9,75509,2764,EC,SC
1987,142.8,75514,5536,EC,OC
1988,142.8,75518,2743,AG,MBC
1989,142.7,75523,3021,EE,OC
1990,142.7,75529,1114,EE,OC
1991,142.5,75534,1413,SC,BC
1992,142.5,75545,4962,EC,BC
1993,142.5,75581,2609,IT,MBC
1994,142.5,75583,3805,AG,OC
1995,142.5,75590,3908,CS,OC
1996,142.5,75595,1405,CS,OC
1997,142.5,75606,2617,EC,OC
1998,142.5,75609,2731,EC,BC
1999,142.5,75636,3857,EE,OC
2000,142.5,75647,2610,EE,OC
2001,142.5,75680,1118,EC,MBC
2002,142.5,75694,1225,IT,OC
2003,142.5,75704,2707,CH,SC
2004,142.5,75736,2634,IT,BC
2005,142.5,75740,1306,IT,SC
2006,142.5,75753,4969,CS,OC
2007,142.5,75754,2752,EE,OC
2008,142.5,75775,3860,CS,OC
2009,142.5,75795,1114,EC,OC
2010,142.5,75802,2357,IT,MBC
2011,142.5,75838,1241,CS,OC
2012,142.5,75854,2736,EC,MBC
2013,142.5,75880,1123,SC,OC
2014,142.5,75891,1412,IT,BC
2015,142.5,75920,1211,CH,BC
2016,142.5,75924,1419,EC,SC
2017,142.5,75934,3811,IT,OC
2018,142.5,75955,2601,IT,BC
2019,142.5,75976,2347,IT,OC
2020,142.5,75985,1226,EE,OC
2021,142.5,75991,1120,AD,BC
2022,142.5,76003,2618,CE,BC
2023,142.5,76031,2721,AU,OC
2024,142.5,76049,5915,EC,OC
2025,142.5,76052,2623,IT,MBC
2026,142.5,76061,2634,AD,SCA
2027,142.5,76088,1128,AD,SC
2028,142.5,76109,1412,EE,BC
2029,142.5,76161,1114,AM,OC
2030,142.5,76174,5,CH,OC
2031,142.5,76197,2721,EC,BC
2032,142.5,76214,2734,EC,MBC
2033,142.5,76218,1114,EC,BC
2034,142.5,76240,2625,EC,MBC
2035,142.5,76243,2632,IT,BC
2036,142.5,76246,3860,CS,MBC
2037,142.5,76250,1505,CS,BC
2038,142.5,76265,5022,EC,OC
2039,142.3,76270,2613,CS,BC
2040,142.1,76275,3821,EC,BC
2041,142.1,76280,4965,EC,MBC
2042,142.0,76293,1421,EC,MBC
2043,142.0,76294,2613,CS,MBC
2044,142.0,76303,2607,CB,BC
2045,142.0,76305,5930,CE,OC
2046,142.0,76311,2601,EC,SC
2047,142.0,76312,2611,CY,OC
2048,142.0,76330,4941,CS,OC
2049,142.0,76333,2727,FD,OC
2050,142.0,76338,4944,CS,BCM
2051,142.0,76357,4669,CS,MBC
2052,142.0,76390,4944,CS,SC
2053,142.0,76438,2354,EC,MBC
2054,142.0,76474,2726,AL,MBC
2055,142.0,76534,2768,AO,OC
2056,142.0,76538,5017,XC,OC
2057,142.0,76541,1419,CB,SC
2058,142.0,76549,3804,CS,OC
2059,142.0,76559,3854,CS,OC
2060,142.0,76560,2723,IT,OC
2061,142.0,76565,2683,BM,OC
2062,142.0,76567,2006,TX,SCA
2063,142.0,76571,2734,TS,SC
2064,142.0,76572,2726,AL,BC
2065,142.0,76599,2328,CS,BC
2066,142.0,76605,1504,SC,BC
2067,142.0,76608,1424,CS,MBC
2068,142.0,76622,3819,EC,OC
2069,142.0,76624,2716,CS,MBC
2070,142.0,76638,2601,CS,BC
2071,142.0,76644,3908,CS,BC
2072,142.0,76661,3830,IT,MBC
2073,142.0,76682,3461,CS,MBC
2074,142.0,76684,3795,CS,MBC
2075,142.0,76700,2745,AD,MBC
2076,142.0,76727,2702,TX,BC
2077,142.0,76771,1211,CE,BC
2078,142.0,76811,3805,CE,OC
2079,142.0,76829,2643,EC,OC
2080,142.0,76858,2634,CS,MBC
2081,142.0,76859,1128,SC,SCA
2082,142.0,76866,2737,CS,BC
2083,142.0,76869,2625,IT,MBC
2084,142.0,76874,2621,IT,BC
2085,142.0,76892,2634,AD,SC
2086,142.0,76923,3701,CS,BC
2087,142.0,76926,1106,IT,MBC
2088,142.0,76947,2632,CS,MBC
2089,142.0,76956,1505,IT,BC
2090,142.0,76958,2747,EE,MBC
2091,142.0,76986,5901,EE,SC
2092,142.0,77005,1114,EC,MBC
2093,142.0,77006,2636,AD,MBC
2094,142.0,77027,2606,CS,SC
2095,141.9,77028,3425,EC,MBC
2096,141.8,77031,2712,AU,SC
2097,141.5,77044,2726,ME,OC
2098,141.5,77051,2327,EE,BC
2099,141.5,77059,4964,MR,OC
2100,141.5,77063,2618,FT,MBC
2101,141.5,77064,2712,ME,BCM
2102,141.5,77095,1421,EC,SC
2103,141.5,77118,4989,AG,OC
2104,141.5,77123,2715,IT,OC
2105,141.5,77159,2338,CS,OC
2106,141.5,77167,2752,CS,BCM
2107,141.5,77172,1311,AD,OC
2108,141.5,77177,2723,CS,BC
2109,141.5,77181,4669,EC,OC
2110,141.5,77189,2621,CS,MBC
2111,141.5,77203,2611,EC,OC
2112,141.5,77210,3425,EE,OC
2113,141.5,77237,1228,CS,OC
2114,141.5,77238,2611,BT,OC
2115,141.5,77242,2658,CS,OC
2116,141.5,77244,3819,AD,OC
2117,141.5,77263,4944,EC,BC
2118,141.5,77267,1122,AD,BC
2119,141.5,77277,2737,IT,SCA
2120,141.5,77334,2643,AD,MBC
2121,141.5,77363,1512,EC,BC
2122,141.5,77376,1304,ME,OC
2123,141.5,77414,3843,EE,MBC
2124,141.5,77418,2723,IT,BC
2125,141.5,77423,3805,EC,SC
2126,141.5,77434,4917,IT,BC
2127,141.5,77456,5986,EC,MBC
2128,141.5,77469,2750,AG,BC
2129,141.5,77489,1322,AD,MBC
2130,141.5,77493,2750,AE,OC
2131,141.5,77516,2711,EE,BCM
2132,141.5,77525,2721,AD,BC
2133,141.5,77536,3795,CS,MBC
2134,141.5,77541,5,EI,OC
2135,141.5,77548,2707,IT,OC
2136,141.5,77563,1414,IT,MBC
2137,141.5,77575,2710,ME,OC
2138,141.5,77627,5009,CS,MBC
2139,141.5,77632,2711,CE,MBC
2140,141.5,77694,2360,CS,SC
2141,141.5,77708,3830,ME,OC
2142,141.5,77718,2723,BM,MBC
2143,141.5,77728,1121,CS,OC
2144,141.5,77734,5901,ME,MBC
2145,141.5,77737,2729,AD,BC
2146,141.4,77803,1306,CS,SC
2147,141.4,77806,5942,EE,OC
2148,141.2,77815,1513,CS,OC
2149,141.0,77821,2706,IT,SC
2150,141.0,77822,5865,CE,OC
2151,141.0,77823,2726,EC,BC
2152,141.0,77848,2743,AG,BC
2153,141.0,77862,2736,CB,OC
2154,141.0,77864,4680,ME,OC
2155,141.0,77875,1311,AD,BC
2156,141.0,77883,4680,CS,MBC
2157,141.0,77887,1118,CS,SC
2158,141.0,77902,4677,EC,OC
2159,141.0,77924,2707,IT,BC
2160,141.0,77941,1216,EE,MBC
2161,141.0,77945,4962,CE,OC
2162,141.0,77967,2729,EE,OC
2163,141.0,78006,4933,CS,BC
2164,141.0,78024,2750,AE,BC
2165,141.0,78032,2610,EC,MBC
2166,141.0,78042,2622,BT,OC
2167,141.0,78045,3810,CS,BCM
2168,141.0,78081,3843,ME,OC
2169,141.0,78085,2755,AG,BC
2170,141.0,78105,3019,XC,OC
2171,141.0,78115,4946,AD,OC
2172,141.0,78134,4955,CS,BC
2173,141.0,78135,5910,EC,BC
2174,141.0,78146,2706,ME,OC
2175,141.0,78177,2741,CS,MBC
2176,141.0,78185,2623,CS,MBC
2177,141.0,78197,1317,ME,OC
2178,141.0,78201,2601,CS,BC
2179,141.0,78223,4961,EE,OC
2180,141.0,78229,2342,ME,OC
2181,141.0,78267,5536,EC,SC
2182,141.0,78314,1211,EE,SC
2183,141.0,78349,2636,EC,SC
2184,141.0,78373,2610,EC,MBC
2185,141.0,78386,1307,EC,OC
2186,141.0,78388,2632,EC,OC
2187,141.0,78408,2734,CD,OC
2188,141.0,78427,4959,EC,BC
2189,141.0,78470,2723,AD,MBC
2190,141.0,78474,1322,AG,MBC
2191,141.0,78487,2610,EC,BC
2192,141.0,78501,2345,EC,MBC
2193,141.0,78513,1237,CS,SC
2194,141.0,78523,2369,EE,SCA
2195,141.0,78527,2624,IT,BC
2196,141.0,78546,2776,AG,SC
2197,141.0,78557,2683,IT,BC
2198,141.0,78573,1110,CS,BC
2199,141.0,78583,2609,EC,OC
2200,141.0,78600,1026,EE,MBC
2201,140.6,78625,2731,CS,OC
2202,140.5,78654,2648,CS,SC
2203,140.5,78669,2345,CS,BC
2204,140.5,78678,2329,ME,BC
2205,140.5,78704,3701,CS,BC
2206,140.5,78751,2751,AD,MBC
2207,140.5,78754,1118,BM,BC
2208,140.5,78757,2743,CS,BC
2209,140.5,78793,3830,CB,BC
2210,140.5,78859,4994,CE,OC
2211,140.5,78880,1412,EC,MBC
2212,140.5,78903,3464,EC,MBC
2213,140.5,78910,2702,ME,BC
2214,140.5,78917,1122,CH,BC
2215,140.5,78924,2735,EC,SC
2216,140.5,78928,2369,EE,BCM
2217,140.5,78975,5832,EC,MBC
2218,140.5,78977,2707,IT,MBC
2219,140.5,79024,2764,CE,MBC
2220,140.5,79032,2726,CE,OC
2221,140.5,79063,1210,AD,SC
2222,140.5,79075,2661,IT,MBC
2223,140.5,79076,5910,BM,BC
2224,140.5,79086,1516,EC,BC
2225,140.5,79090,1114,AD,OC
2226,140.5,79103,5915,CS,OC
2227,140.5,79118,2357,CS,OC
2228,140.5,79122,2722,CE,BC
2229,140.5,79123,1013,ME,OC
2230,140.5,79124,3805,EE,OC
2231,140.5,79125,2711,MZ,MBC
2232,140.5,79126,2314,EC,BC
2233,140.5,79129,1219,AU,OC
2234,140.5,79151,1015,EE,OC
2235,140.5,79159,4959,AD,OC
2236,140.5,79166,2741,AD,OC
2237,140.5,79188,2749,IT,OC
2238,140.5,79201,2625,CS,MBC
2239,140.5,79211,4955,CS,BC
2240,140.5,79246,3805,CS,BC
2241,140.5,79282,5988,CS,OC
2242,140.5,79286,4678,CS,MBC
2243,140.5,79302,1149,AD,BC
2244,140.5,79303,2624,AD,MBC
2245,140.5,79330,2768,CS,MBC
2246,140.5,79344,3826,ME,MBC
2247,140.5,79354,2608,AL,BC
2248,140.5,79355,2636,CS,MBC
2249,140.5,79365,3805,PH,OC
2250,140.5,79366,3848,CS,BC
2251,140.0,79412,3920,CS,SC
2252,140.0,79419,3805,FD,MBC
2253,140.0,79421,2623,CS,MBC
2254,140.0,79422,1140,EC,BC
2255,140.0,79446,2357,CS,OC
2256,140.0,79469,3821,CE,OC
2257,140.0,79480,1123,CS,BC
2258,140.0,79483,1110,BT,MBC
2259,140.0,79486,2713,EC,BC
2260,140.0,79494,2743,FD,OC
2261,140.0,79503,3805,IT,MBC
2262,140.0,79604,2622,CS,SCA
2263,140.0,79620,2740,ME,BC
2264,140.0,79652,5915,EE,OC
2265,140.0,79697,3806,CS,SC
2266,140.0,79713,2735,EE,SCA
2267,140.0,79762,2314,AD,OC
2268,140.0,79782,4993,AD,OC
2269,140.0,79789,1412,EC,MBC
2270,140.0,79800,2719,BM,BC
2271,140.0,79802,2615,ME,SC
2272,140.0,79822,5,ME,OC
2273,140.0,79839,2613,EC,BC
2274,140.0,79846,4962,AD,SC
2275,140.0,79851,1311,IT,SC
2276,140.0,79859,3805,BM,OC
2277,140.0,79890,2707,CJ,OC
2278,140.0,79917,3464,EE,BC
2279,140.0,79928,2750,EC,SC
2280,140.0,79969,2723,EC,BC
2281,140.0,80001,2601,EE,OC
2282,140.0,80025,1520,AD,MBC
2283,140.0,80044,3464,EE,MBC
2284,140.0,80052,4675,CS,BC
2285,140.0,80062,2715,SC,BC
2286,140.0,80067,2722,SC,SC
2287,140.0,80071,2314,AG,SC
2288,140.0,80088,4965,ME,OC
2289,140.0,80091,2345,AD,MBC
2290,140.0,80099,1237,EC,BC
2291,139.8,80113,5910,AD,BC
2292,139.8,80119,2734,AD,BCM
2293,139.7,80123,2735,ME,OC
2294,139.6,80128,3805,EC,BC
2295,139.5,80139,2735,EC,BC
2296,139.5,80155,2707,IT,MBC
2297,139.5,80156,1210,EE,BC
2298,139.5,80239,2708,IT,SC
2299,139.5,80246,3850,AD,OC
2300,139.5,80251,2719,EI,BC
2301,139.5,80282,2622,IT,BC
2302,139.5,80298,1306,EC,SC
2303,139.5,80315,2715,CI,OC
2304,139.5,80337,1426,CS,OC
2305,139.5,80362,2708,CH,OC
2306,139.5,80363,2607,EC,MBC
2307,139.5,80378,1115,AD,OC
2308,139.5,80393,2734,CD,BC
2309,139.5,80394,3462,CS,OC
2310,139.5,80423,2646,ME,OC
2311,139.5,80515,2769,BC,BC
2312,139.5,80517,2609,EC,MBC
2313,139.5,80529,2609,EC,MBC
2314,139.5,80532,5915,EC,BC
2315,139.5,80544,2751,EC,MBC
2316,139.5,80565,1317,EE,MBC
2317,139.5,80608,1106,CS,OC
2318,139.5,80628,3701,CS,BCM
2319,139.5,80634,3905,EC,OC
2320,139.5,80643,1304,ME,BC
2321,139.5,80645,2711,ME,BC
2322,139.5,80652,1412,CS,BC
2323,139.5,80669,2751,EC,BC
2324,139.5,80675,2747,CS,OC
2325,139.5,80690,2622,ME,OC
2326,139.5,80711,1518,IT,OC
2327,139.5,80740,2743,AD,MBC
2328,139.5,80759,2749,IT,SC
2329,139.5,80760,1226,EC,OC
2330,139.5,80764,2716,EC,OC
2331,139.5,80791,2609,AG,MBC
2332,139.5,80795,3817,ME,OC
2333,139.5,80805,2744,CS,BC
2334,139.5,80811,1419,CE,BC
2335,139.5,80845,2302,AD,OC
2336,139.4,80858,2005,EI,SC
2337,139.4,80860,2736,CS,SC
2338,139.3,80863,3805,EC,MBC
2339,139.1,80873,5862,AG,OC
2340,139.0,80893,1437,CS,OC
2341,139.0,80915,2607,AM,MBC
2342,139.0,80935,1127,BT,OC
2343,139.0,80936,2302,ME,OC
2344,139.0,80954,1137,AD,BC
2345,139.0,80955,3811,CS,SC
2346,139.0,80962,2715,CI,BC
2347,139.0,81003,1452,CS,OC
2348,139.0,81014,3857,CS,OC
2349,139.0,81071,2609,CS,BC
2350,139.0,81083,3810,AG,MBC
2351,139.0,81106,4952,IT,OC
2352,139.0,81138,1431,EC,OC
2353,139.0,81146,1230,CS,OC
2354,139.0,81152,4964,CS,OC
2355,139.0,81154,2711,CE,SC
2356,139.0,81167,1516,EE,SC
2357,139.0,81178,1015,EE,MBC
2358,139.0,81204,1202,IT,OC
2359,139.0,81234,2715,EC,MBC
2360,139.0,81285,2646,CS,BC
2361,139.0,81294,2609,EC,BC
2362,139.0,81307,5502,CS,MBC
2363,139.0,81322,2764,CS,SC
2364,139.0,81326,2741,EC,OC
2365,139.0,81327,1120,EI,OC
2366,139.0,81334,3425,EE,MBC
2367,139.0,81339,2683,CS,OC
2368,139.0,81341,1408,EE,OC
2369,139.0,81364,1113,ME,SC
2370,139.0,81391,1322,EC,SC
2371,139.0,81392,1120,AU,OC
2372,139.0,81405,2736,CB,MBC
2373,139.0,81418,2739,ME,OC
2374,139.0,81456,2328,EE,BC
2375,139.0,81491,2617,CS,MBC
2376,139.0,81496,1409,AD,BC
2377,139.0,81503,3905,EC,OC
2378,139.0,81506,1127,CS,MBC
2379,139.0,81512,3926,CS,BC
2380,139.0,81515,2764,CB,MBC
2381,139.0,81516,1211,FD,MBC
2382,139.0,81527,2732,CS,OC
2383,139.0,81553,2632,BM,MBC
2384,139.0,81559,2735,ME,MBC
2385,139.0,81577,4994,EC,OC
2386,139.0,81578,2630,EC,OC
2387,139.0,81615,2652,CS,OC
2388,139.0,81640,1237,EC,BC
2389,139.0,81643,2609,PH,SC
2390,139.0,81645,3826,EE,SC
2391,138.9,81647,5907,MR,MBC
2392,138.7,81653,4020,GI,OC
2393,138.6,81658,4675,CE,OC
2394,138.5,81659,1202,EC,OC
2395,138.5,81660,3817,EE,MBC
2396,138.5,81663,2753,CS,MBC
2397,138.5,81671,2345,EE,OC
2398,138.5,81690,1311,CS,SC
2399,138.5,81713,2627,EC,BC
2400,138.5,81756,2745,EE,OC
2401,138.5,81774,2770,EC,OC
2402,138.5,81777,5865,ME,OC
2403,138.5,81779,1304,SC,ST
2404,138.5,81785,2729,CB,OC
2405,138.5,81802,4983,AG,OC
2406,138.5,81806,2729,EC,MBC
2407,138.5,81835,2727,BT,OC
2408,138.5,81840,2723,BM,BC
2409,138.5,81854,4994,EC,BC
2410,138.5,81865,5930,CS,OC
2411,138.5,81868,3905,EE,MBC
2412,138.5,81915,1513,EC,OC
2413,138.5,81923,5910,ME,OC
2414,138.5,81926,1420,CS,SC
2415,138.5,81928,1210,ME,OC
2416,138.5,81940,3018,CS,MBC
2417,138.5,81952,2608,CB,BC
2418,138.5,81954,2732,IT,OC
2419,138.5,81956,1401,CS,MBC
2420,138.5,81969,1422,ME,OC
2421,138.5,81995,2603,EE,SC
2422,138.5,82009,5902,EC,MBC
2423,138.5,82051,1122,EC,BC
2424,138.5,82062,1519,EC,MBC
2425,138.5,82065,2723,EE,OC
2426,138.5,82090,3819,IT,MBC
2427,138.5,82094,1525,CS,MBC
2428,138.5,82099,4962,CS,SC
2429,138.5,82101,2723,EC,MBC
2430,138.5,82144,3760,AG,BC
2431,138.5,82162,2611,AG,OC
2432,138.5,82168,2770,EE,OC
2433,138.5,82188,1304,AU,OC
2434,138.5,82214,5912,EE,MBC
2435,138.5,82216,5,CH,OC
2436,138.5,82251,2764,CS,SC
2437,138.5,82259,3805,CH,OC
2438,138.5,82288,2624,EC,BC
2439,138.5,82301,1116,CS,MBC
2440,138.5,82322,5910,AD,MBC
2441,138.5,82326,2624,CH,OC
2442,138.5,82330,5,CH,OC
2443,138.5,82333,3810,EC,SC
2444,138.5,82358,2642,ME,OC
2445,138.5,82359,3016,EC,OC
2446,138.5,82377,3701,AD,MBC
2447,138.0,82404,1452,CS,OC
2448,138.0,82427,2623,CS,BC
2449,138.0,82437,2732,CS,BC
2450,138.0,82440,2727,EE,OC
2451,138.0,82462,1512,IT,OC
2452,138.0,82464,1316,EC,MBC
2453,138.0,82467,3760,AD,SC
2454,138.0,82469,5010,EE,MBC
2455,138.0,82481,1317,EE,SC
2456,138.0,82490,1237,CS,MBC
2457,138.0,82504,2711,ME,MBC
2458,138.0,82511,2606,AE,OC
2459,138.0,82541,2726,EE,OC
2460,138.0,82542,2610,IT,OC
2461,138.0,82547,3810,FD,BC
2462,138.0,82573,2314,EE,BC
2463,138.0,82591,3810,CS,SC
2464,138.0,82597,2369,ME,BC
2465,138.0,82611,2621,MZ,OC
2466,138.0,82640,2611,EC,MBC
2467,138.0,82647,1431,IT,BC
2468,138.0,82657,3908,EE,OC
2469,138.0,82670,1122,EC,MBC
2470,138.0,82684,2622,EC,OC
2471,138.0,82715,3826,EE,BC
2472,138.0,82727,2762,AD,OC
2473,138.0,82756,2739,EE,BC
2474,138.0,82777,1237,AD,OC
2475,138.0,82814,3831,AG,OC
2476,138.0,82820,2609,CS,BC
2477,138.0,82834,1301,IT,BC
2478,138.0,82840,1237,AD,MBC
2479,138.0,82844,4960,EC,SC
2480,138.0,82847,2369,ME,SC
2481,138.0,82859,4944,AD,OC
2482,138.0,82914,3852,CE,OC
2483,138.0,82915,1317,CH,OC
2484,138.0,82927,2736,EC,BC
2485,138.0,82954,2607,EC,BC
2486,138.0,82958,1304,ME,MBC
2487,138.0,82963,2614,IT,BC
2488,138.0,82994,4934,EE,OC
2489,138.0,83026,1114,CS,MBC
2490,138.0,83036,3805,BT,OC
2491,138.0,83063,5009,EC,BC
2492,138.0,83071,1411,EC,MBC
2493,138.0,83080,2328,EC,BC
2494,138.0,83100,2753,BM,OC
2495,138.0,83109,5912,CE,BC
2496,138.0,83116,2734,CS,SC
2497,137.5,83144,1316,CS,OC
2498,137.5,83146,3821,EE,OC
2499,137.5,83167,2643,CS,BC
2500,137.5,83171,2750,AG,MBC
2501,137.5,83179,1503,IT,OC
2502,137.5,83229,1303,BT,OC
2503,137.5,83237,1419,IC,OC
2504,137.5,83238,1533,AD,BC
2505,137.5,83249,4669,EC,OC
2506,137.5,83251,3819,CB,OC
2507,137.5,83252,5986,ME,OC
2508,137.5,83273,2741,EC,OC
2509,137.5,83311,2707,RM,SC
2510,137.5,83312,4995,AD,OC
2511,137.5,83339,2623,IT,BC
2512,137.5,83350,2731,CS,BC
2513,137.5,83376,3830,AD,BC
2514,137.5,83392,2622,CH,OC
2515,137.5,83393,2719,CS,SCA
2516,137.5,83395,3786,BM,OC
2517,137.5,83399,2702,SE,SC
2518,137.5,83400,1303,AD,OC
2519,137.5,83430,3819,EC,BC
2520,137.5,83449,1324,IT,SCA
2521,137.5,83464,1408,CS,MBC
2522,137.5,83467,2617,SC,MBC
2523,137.5,83521,1110,CS,MBC
2524,137.5,83531,2713,EE,OC
2525,137.5,83554,1408,CS,BC
2526,137.5,83568,1420,EC,OC
2527,137.5,83576,2707,CS,SC
2528,137.5,83581,1317,ME,OC
2529,137.5,83588,2622,IT,MBC
2530,137.5,83603,1322,AE,SC
2531,137.5,83644,2642,EC,BC
2532,137.5,83646,2651,AD,BC
2533,137.5,83670,1437,AD,OC
2534,137.5,83673,1408,EC,OC
2535,137.5,83691,5832,AD,MBC
2536,137.5,83700,1226,EE,MBC
2537,137.5,83707,2345,IT,MBC
2538,137.5,83722,4678,IT,OC
2539,137.5,83723,2621,IT,BC
2540,137.5,83726,2642,EE,SC
2541,137.5,83733,2715,CS,BC
2542,137.5,83738,3021,EC,BC
2543,137.5,83763,1116,EC,OC
2544,137.5,83764,3817,EE,SC
2545,137.5,83776,1122,AD,MBC
2546,137.5,83811,5,ME,OC
2547,137.5,83812,1149,IT,SC
2548,137.4,83814,5,ME,OC
2549,137.3,83820,2640,AD,SC
2550,137.2,83825,2341,EC,MBC
2551,137.0,83862,4023,CS,SC
2552,137.0,83873,4955,ME,OC
2553,137.0,83894,1122,AM,OC
2554,137.0,83901,2715,BM,BC
2555,137.0,83931,2608,IT,MBC
2556,137.0,83947,2752,EC,BC
2557,137.0,83951,2632,EC,BC
2558,137.0,83984,2711,MZ,BC
2559,137.0,83988,1424,AD,MBC
2560,137.0,83998,1149,EE,MBC
2561,137.0,84019,4020,CS,MBC
2562,137.0,84033,1228,CS,MBC
2563,137.0,84046,2717,CS,BC
2564,137.0,84089,2613,IT,BC
2565,137.0,84115,2622,EC,OC
2566,137.0,84125,3425,ME,OC
2567,137.0,84143,2719,ME,OC
2568,137.0,84147,2614,IT,MBC
2569,137.0,84157,1014,CE,OC
2570,137.0,84226,2338,CS,MBC
2571,137.0,84245,1307,AM,MBC
2572,137.0,84252,4994,IT,OC
2573,137.0,84261,3819,AD,BC
2574,137.0,84265,4959,CS,BC
2575,137.0,84271,5904,CS,BC
2576,137.0,84272,4962,EE,OC
2577,137.0,84313,2652,AD,OC
2578,137.0,84337,2610,EE,OC
2579,137.0,84358,1122,AM,BC
2580,137.0,84368,1416,CS,OC
2581,137.0,84370,1419,ME,OC
2582,137.0,84408,1238,CS,MBC
2583,137.0,84409,2636,BM,MBC
2584,137.0,84427,2736,CB,BC
2585,137.0,84443,2618,ME,OC
2586,137.0,84444,4999,CS,OC
2587,137.0,84445,2707,BM,MBC
2588,137.0,84483,1422,AG,SC
2589,137.0,84485,3811,AD,OC
2590,137.0,84509,2609,FD,OC
2591,137.0,84532,1408,EC,OC
2592,137.0,84553,1428,CS,OC
2593,137.0,84562,2617,EC,MBC
2594,137.0,84563,2749,AG,SC
2595,137.0,84565,2609,AD,OC
2596,136.5,84583,4960,CE,OC
2597,136.5,84584,2622,AD,OC
2598,136.5,84588,4020,EC,MBC
2599,136.5,84593,3804,CS,MBC
2600,136.5,84629,2718,ME,SC
2601,136.5,84647,1315,ME,ST
2602,136.5,84660,3805,CS,MBC
2603,136.5,84664,2610,SC,OC
2604,136.5,84691,1501,CE,OC
2605,136.5,84694,4996,CE,OC
2606,136.5,84702,3819,AM,OC
2607,136.5,84714,2628,AD,BC
2608,136.5,84719,2715,CI,MBC
2609,136.5,84728,3806,CB,BC
2610,136.5,84732,5530,EC,OC
2611,136.5,84800,2607,AM,BC
2612,136.5,84809,2710,CE,BC
2613,136.5,84812,2635,AD,BC
2614,136.5,84814,1149,EC,SC
2615,136.5,84816,1211,ME,SC
2616,136.5,84824,1216,AL,BC
2617,136.5,84850,2609,EC,BC
2618,136.5,84854,2617,IT,MBC
2619,136.5,84859,1441,CE,MBC
2620,136.5,84878,2708,FD,BC
2621,136.5,84900,5902,EC,BC
2622,136.5,84901,5865,EC,SC
2623,136.5,84920,2617,EC,BC
2624,136.5,84921,4962,EC,BC
2625,136.5,84927,3806,EC,OC
2626,136.5,84929,2349,AD,MBC
2627,136.5,84979,2609,CY,OC
2628,136.5,84981,2707,EC,MBC
2629,136.5,85006,2743,CS,MBC
2630,136.5,85021,1409,BM,MBC
2631,136.5,85052,2601,BT,OC
2632,136.5,85055,2349,BM,BC
2633,136.5,85067,3806,EC,OC
2634,136.5,85084,2349,BM,SC
2635,136.5,85124,4670,CS,BC
2636,136.5,85151,1241,CS,MBC
2637,136.5,85154,4955,EC,OC
2638,136.5,85173,4,RP,SC
2639,136.5,85174,2729,CB,MBC
2640,136.5,85181,1317,IT,SCA
2641,136.5,85225,1307,AM,BC
2642,136.5,85231,1211,BT,BC
2643,136.5,85250,1210,EC,SC
2644,136.5,85252,2622,EC,MBC
2645,136.5,85262,2722,CE,MBC
2646,136.5,85285,1309,EE,BC
2647,136.5,85300,1210,EE,MBC
2648,136.5,85301,4970,CS,BC
2649,136.5,85303,3795,EC,OC
2650,136.0,85358,4974,CE,MBC
2651,136.0,85401,3410,EC,MBC
2652,136.0,85410,2741,AD,MBC
2653,136.0,85425,2612,CS,SC
2654,136.0,85486,4917,IT,MBC
2655,136.0,85488,5832,EE,OC
2656,136.0,85506,1430,CE,OC
2657,136.0,85519,1316,BM,MBC
2658,136.0,85521,1307,IT,OC
2659,136.0,85525,1241,EC,OC
2660,136.0,85529,1015,CS,SC
2661,136.0,85567,2711,CD,SC
2662,136.0,85582,2708,CH,BC
2663,136.0,85605,3464,CE,OC
2664,136.0,85636,2622,ME,SC
2665,136.0,85647,3805,BT,MBC
2666,136.0,85657,1411,BT,OC
2667,136.0,85661,2314,AG,BC
2668,136.0,85675,4965,EC,BC
2669,136.0,85749,3464,EE,BC
2670,136.0,85757,2345,AD,BC
2671,136.0,85789,1307,AD,BC
2672,136.0,85794,2755,FD,MBC
2673,136.0,85799,2726,AG,OC
2674,136.0,85809,2367,CS,OC
2675,136.0,85811,1408,CS,SC
2676,136.0,85812,2622,EC,MBC
2677,136.0,85814,3454,BM,MBC
2678,136.0,85816,3810,FD,SC
2679,136.0,85825,1122,BT,BC
2680,136.0,85827,2734,EE,OC
2681,136.0,85832,4959,IT,OC
2682,136.0,85834,1118,EE,OC
2683,136.0,85839,4917,EC,MBC
2684,136.0,85853,1225,EC,MBC
2685,136.0,85858,1228,IT,OC
2686,136.0,85888,3826,AD,MBC
2687,136.0,85904,2627,ME,OC
2688,136.0,85938,1216,AL,SC
2689,136.0,85953,1237,CS,MBC
2690,136.0,85964,3805,CS,SC
2691,136.0,85972,1449,CS,MBC
2692,136.0,85977,2347,EE,OC
2693,136.0,86003,2732,IT,MBC
2694,136.0,86008,1421,CS,SC
2695,136.0,86040,2628,BM,OC
2696,136.0,86042,1241,CS,SC
2697,136.0,86051,1434,CS,OC
2698,135.8,86063,1408,EC,BC
2699,135.8,86067,1120,CS,SC
2700,135.6,86075,1317,ME,OC
2701,135.5,86120,3011,CE,OC
2702,135.5,86132,2747,CS,MBC
2703,135.5,86161,2745,AD,BC
2704,135.5,86181,2652,CS,BC
2705,135.5,86197,5921,EC,OC
2706,135.5,86243,1106,CS,BC
2707,135.5,86249,3819,CS,BC
2708,135.5,86256,2770,CS,MBC
2709,135.5,86266,2345,IT,BC
2710,135.5,86294,2346,AD,MBC
2711,135.5,86326,1419,EI,MBC
2712,135.5,86375,2342,CS,OC
2713,135.5,86380,2611,EC,MBC
2714,135.5,86386,4959,IT,BC
2715,135.5,86403,2723,IT,MBC
2716,135.5,86411,2620,BT,MBC
2717,135.5,86455,2624,AG,BC
2718,135.5,86472,2726,IT,SC
2719,135.5,86493,2665,CS,MBC
2720,135.5,86513,2643,EE,OC
2721,135.5,86530,1207,CS,MBC
2722,135.5,86570,3462,EE,OC
2723,135.5,86581,2610,IT,MBC
2724,135.5,86662,3819,CB,MBC
2725,135.5,86663,5904,IT,BC
2726,135.5,86665,2624,BT,BC
2727,135.5,86666,4670,EE,OC
2728,135.5,86669,3807,EC,MBC
2729,135.5,86687,2708,EC,SC
2730,135.5,86690,3819,AM,MBC
2731,135.5,86696,1449,AG,OC
2732,135.5,86701,2659,CS,OC
2733,135.5,86704,2736,BM,OC
2734,135.5,86726,2628,CS,OC
2735,135.5,86732,2764,IT,SC
2736,135.5,86750,5,CE,OC
2737,135.5,86773,3805,AD,OC
2738,135.5,86806,1137,EC,BC
2739,135.4,86834,3810,EE,MBC
2740,135.0,86845,2741,IT,OC
2741,135.0,86873,3831,CS,MBC
2742,135.0,86876,4023,ME,OC
2743,135.0,86880,2624,AG,BCM
2744,135.0,86900,3829,AD,MBC
2745,135.0,86902,2727,BM,BC
2746,135.0,86922,2729,CB,BC
2747,135.0,86923,2646,AD,OC
2748,135.0,86939,4672,EC,BC
2749,135.0,86946,2755,AE,BC
2750,135.0,86958,2651,EC,SC
2751,135.0,86962,3805,EE,OC
2752,135.0,86975,1303,CB,OC
2753,135.0,86985,2611,FD,MBC
2754,135.0,86990,2624,BT,BC
2755,135.0,87003,4959,IT,BC
2756,135.0,87018,2650,CS,OC
2757,135.0,87019,4994,EE,OC
2758,135.0,87052,2751,EC,BC
2759,135.0,87059,1516,ME,OC
2760,135.0,87073,2632,EC,MBC
2761,135.0,87082,1218,CS,BC
2762,135.0,87085,3461,ME,OC
2763,135.0,87103,4965,EE,MBC
2764,135.0,87112,2755,AE,MBC
2765,135.0,87119,4966,CS,BC
2766,135.0,87138,1419,ME,OC
2767,135.0,87139,2721,IC,MBC
2768,135.0,87141,4959,IT,MBC
2769,135.0,87188,1225,EE,BC
2770,135.0,87193,4952,CS,OC
2771,135.0,87204,3410,CS,SC
2772,135.0,87209,2743,AD,BC
2773,135.0,87212,1324,EC,BC
2774,135.0,87213,1218,IT,OC
2775,135.0,87224,1304,EE,SC
2776,135.0,87254,1419,EC,SC
2777,135.0,87255,2610,AD,OC
2778,135.0,87289,2625,EE,OC
2779,135.0,87296,2314,AD,MBC
2780,135.0,87303,3831,IT,OC
2781,135.0,87374,1309,EC,BCM
2782,135.0,87381,1414,IT,BC
2783,135.0,87397,2727,EC,BC
2784,135.0,87400,5022,EC,BC
2785,135.0,87447,1504,EC,BC
2786,135.0,87458,3812,IT,MBC
2787,135.0,87468,1523,CS,OC
2788,135.0,87474,3011,CE,MBC
2789,135.0,87477,3829,CS,MBC
2790,135.0,87502,2622,ME,MBC
2791,135.0,87513,3825,EC,OC
2792,135.0,87514,2743,EC,BC
2793,135.0,87553,2630,EC,BC
2794,135.0,87583,5865,EE,OC
2795,135.0,87593,1442,CS,OC
2796,135.0,87594,3760,CS,BC
2797,134.8,87605,2748,EC,OC
2798,134.8,87606,5530,AD,OC
2799,134.7,87608,4678,ME,OC
2800,134.5,87611,2342,CE,OC
2801,134.5,87613,5913,CS,OC
2802,134.5,87619,3461,CS,SC
2803,134.5,87633,1516,ME,OC
2804,134.5,87635,2725,EE,BC
2805,134.5,87636,1118,AD,BCM
2806,134.5,87641,1112,IT,BCM
2807,134.5,87650,4678,IT,BC
2808,134.5,87652,1120,EE,OC
2809,134.5,87653,2736,BM,MBC
2810,134.5,87663,2314,EC,MBC
2811,134.5,87672,2711,AU,OC
2812,134.5,87684,3819,CS,MBC
2813,134.5,87702,3841,CS,BC
2814,134.5,87705,2609,CS,SC
2815,134.5,87715,1219,CE,OC
2816,134.5,87735,4981,IT,OC
2817,134.5,87766,2622,EE,OC
2818,134.5,87778,5910,ME,OC
2819,134.5,87806,4971,CS,BC
2820,134.5,87818,1116,EC,OC
2821,134.5,87821,2741,EC,OC
2822,134.5,87842,2642,ME,MBC
2823,134.5,87874,4964,MR,OC
2824,134.5,87883,1123,EC,OC
2825,134.5,87888,2345,EE,MBC
2826,134.5,87891,2723,EC,BC
2827,134.5,87905,3810,AD,MBC
2828,134.5,87925,2628,SC,OC
2829,134.5,87945,2753,AG,OC
2830,134.5,87982,2741,CS,SC
2831,134.5,88026,1309,AD,MBC
2832,134.5,88038,4965,ME,BC
2833,134.5,88040,2314,CS,MBC
2834,134.5,88041,2711,CH,BC
2835,134.5,88047,2719,EE,MBC
2836,134.5,88056,2601,AE,OC
2837,134.5,88112,4960,ME,BC
2838,134.5,88132,3462,CS,MBC
2839,134.5,88149,1408,EC,MBC
2840,134.5,88173,2622,AD,OC
2841,134.5,88181,3805,BM,OC
2842,134.5,88194,2345,EC,BC
2843,134.5,88203,2618,CS,BCM
2844,134.5,88264,1110,AD,OC
2845,134.5,88265,5,CF,BC
2846,134.5,88293,1416,PH,OC
2847,134.5,88298,2661,CE,OC
2848,134.5,88327,2708,EE,BC
2849,134.5,88330,4974,ME,MBC
2850,134.5,88339,1202,CS,BC
2851,134.5,88365,5935,EC,OC
2852,134.4,88380,2734,IT,BC
2853,134.4,88381,1120,EE,MBC
2854,134.0,88388,4670,AG,BC
2855,134.0,88389,1325,EC,OC
2856,134.0,88408,1110,CS,BC
2857,134.0,88425,1412,CB,OC
2858,134.0,88448,5865,ME,MBC
2859,134.0,88466,5915,CE,OC
2860,134.0,88471,2357,CS,BC
2861,134.0,88475,3786,EE,OC
2862,134.0,88479,1207,BM,BC
2863,134.0,88497,4678,EC,OC
2864,134.0,88519,2708,AU,SC
2865,134.0,88527,5,EE,BC
2866,134.0,88543,2715,CS,SC
2867,134.0,88560,5901,CE,MBC
2868,134.0,88573,1122,ME,OC
2869,134.0,88606,2347,IT,SC
2870,134.0,88612,2610,IT,BC
2871,134.0,88615,3805,BT,BC
2872,134.0,88635,1426,EC,OC
2873,134.0,88641,2608,AL,MBC
2874,134.0,88666,2624,EC,MBC
2875,134.0,88677,2735,EE,SC
2876,134.0,88704,2610,CS,BC
2877,134.0,88728,2632,BM,BC
2878,134.0,88735,2708,AL,MBC
2879,134.0,88749,1233,EE,SC
2880,134.0,88780,5530,EC,BC
2881,134.0,88791,4966,CS,BCM
2882,134.0,88800,1523,IT,OC
2883,134.0,88802,2706,AD,SC
2884,134.0,88803,2302,AD,MBC
2885,134.0,88809,3803,IT,OC
2886,134.0,88828,2715,BM,MBC
2887,134.0,88850,1317,EI,MBC
2888,134.0,88851,4955,EC,OC
2889,134.0,88859,2617,SC,BC
2890,134.0,88872,2732,EC,OC
2891,134.0,88873,2715,CH,BC
2892,134.0,88883,3461,EC,OC
2893,134.0,88885,2769,CB,OC
2894,134.0,88895,2711,AU,MBC
2895,134.0,88902,3819,AM,BC
2896,134.0,88907,4993,AG,OC
2897,134.0,88937,1533,CS,BC
2898,134.0,88949,1216,EI,BC
2899,134.0,88980,2708,EE,SC
2900,134.0,89010,1210,ME,OC
2901,134.0,89089,3803,EC,SC
2902,134.0,89131,2749,EC,OC
2903,134.0,89138,4678,IT,MBC
2904,134.0,89142,1216,AL,BC
2905,133.5,89163,2747,EC,MBC
2906,133.5,89173,1434,CS,MBC
2907,133.5,89180,2643,EE,OC
2908,133.5,89182,4023,ME,BC
2909,133.5,89194,2707,EI,BC
2910,133.5,89201,2648,EC,OC
2911,133.5,89202,2764,CE,BC
2912,133.5,89213,4023,ME,MBC
2913,133.5,89217,1306,EC,BC
2914,133.5,89243,2719,CS,SC
2915,133.5,89244,1316,CS,BC
2916,133.5,89246,2769,EC,OC
2917,133.5,89249,2608,EC,BC
2918,133.5,89270,2704,ME,OC
2919,133.5,89292,4917,ME,SC
2920,133.5,89297,4670,CS,SC
2921,133.5,89323,5,ME,MBC
2922,133.5,89327,3831,IT,OC
2923,133.5,89346,1230,EC,OC
2924,133.5,89373,5919,BT,BC
2925,133.5,89375,2751,CS,SC
2926,133.5,89390,3454,ME,OC
2927,133.5,89414,1510,CS,OC
2928,133.5,89423,1412,CB,MBC
2929,133.5,89429,1437,EC,SC
2930,133.5,89448,3841,AD,MBC
2931,133.5,89449,1430,EC,OC
2932,133.5,89470,2722,ME,BC
2933,133.5,89490,1322,IT,BCM
2934,133.5,89503,2342,ME,BC
2935,133.5,89543,2721,EE,OC
2936,133.5,89544,2750,BM,BC
2937,133.5,89546,4957,EC,OC
2938,133.5,89558,1106,EC,OC
2939,133.5,89562,3760,EC,MBC
2940,133.5,89572,1432,EC,SC
2941,133.5,89586,2702,FD,MBC
2942,133.5,89630,4999,AD,OC
2943,133.5,89642,1120,CE,OC
2944,133.5,89656,2702,FT,MBC
2945,133.5,89658,4678,AD,OC
2946,133.5,89659,3805,AD,SC
2947,133.5,89668,5536,EC,BC
2948,133.5,89676,1523,IT,MBC
2949,133.5,89704,3805,EE,OC
2950,133.5,89721,1408,CS,BC
2951,133.5,89737,1217,FD,OC
2952,133.5,89751,2710,ME,SCA
2953,133.5,89753,4677,CS,OC
2954,133.5,89778,2636,AD,BC
2955,133.5,89802,2762,AD,BC
2956,133.5,89817,2733,CS,BC
2957,133.5,89829,2750,BT,BC
2958,133.5,89831,5009,ME,OC
2959,133.5,89850,1324,EE,MBC
2960,133.5,89853,2710,ME,MBC
2961,133.5,89866,5930,CS,MBC
2962,133.0,89907,3833,CS,BC
2963,133.0,89916,2624,CS,BC
2964,133.0,89923,4670,CE,OC
2965,133.0,89973,1401,EE,OC
2966,133.0,90003,1121,CS,BC
2967,133.0,90014,2729,EE,BC
2968,133.0,90036,4980,CS,SC
2969,133.0,90037,2338,CS,BC
2970,133.0,90052,1420,CS,BC
2971,133.0,90055,2610,AD,BC
2972,133.0,90067,3805,CH,MBC
2973,133.0,90075,2620,EE,BC
2974,133.0,90078,1533,CS,BC
2975,133.0,90111,2302,EC,BC
2976,133.0,90123,4959,EC,MBC
2977,133.0,90157,2683,EE,OC
2978,133.0,90165,2712,ME,SC
2979,133.0,90168,3464,ME,OC
2980,133.0,90194,2627,IT,BC
2981,133.0,90222,3465,CE,OC
2982,133.0,90235,5703,CS,BC
2983,133.0,90242,4934,BM,BC
2984,133.0,90255,4917,ME,BC
2985,133.0,90257,2709,AU,SCA
2986,133.0,90279,2770,CS,BC
2987,133.0,90285,2338,BM,MBC
2988,133.0,90289,2743,FD,BC
2989,133.0,90294,4965,EC,BC
2990,133.0,90330,3760,AD,BC
2991,133.0,90333,4955,AD,OC
2992,133.0,90367,3905,CS,BC
2993,133.0,90389,5,CH,BC
2994,133.0,90390,1307,CS,SC
2995,133.0,90398,1533,AD,MBC
2996,133.0,90421,1408,AD,OC
2997,133.0,90425,2611,CS,MBC
2998,133.0,90447,3830,AL,OC
2999,133.0,90464,3830,EC,MBC
3000,133.0,90472,2617,EE,OC
3001,133.0,90526,3829,EE,OC
3002,133.0,90539,2769,PE,OC
3003,133.0,90558,1420,IT,OC
3004,133.0,90592,1409,BT,OC
3005,133.0,90601,2745,CS,MBC
3006,133.0,90610,1226,CS,BC
3007,133.0,90622,1210,CB,SC
3008,133.0,90641,2705,CS,OC
3009,133.0,90654,4934,EC,SC
3010,133.0,90662,2711,EC,SC
3011,133.0,90675,1219,ME,SC
3012,133.0,90676,2360,CS,MBC
3013,132.8,90677,1120,EE,SC
3014,132.6,90688,2621,ME,OC
3015,132.6,90689,1322,FD,OC
3016,132.5,90692,2327,EE,MBC
3017,132.5,90704,2741,IT,BC
3018,132.5,90705,4953,ME,OC
3019,132.5,90709,1419,ME,MBC
3020,132.5,90722,2628,AM,OC
3021,132.5,90727,2743,EC,SC
3022,132.5,90742,1149,ME,OC
3023,132.5,90745,3908,CE,OC
3024,132.5,90763,1229,CS,OC
3025,132.5,90765,1419,ME,BC
3026,132.5,90781,3016,EC,OC
3027,132.5,90789,2651,FT,SC
3028,132.5,90799,2618,MZ,OC
3029,132.5,90839,3807,ME,OC
3030,132.5,90910,2753,CS,BC
3031,132.5,90969,2712,FT,MBC
3032,132.5,90978,1238,AD,MBC
3033,132.5,91009,3811,IT,SC
3034,132.5,91026,1431,EC,MBC
3035,132.5,91033,4680,EC,BC
3036,132.5,91037,2628,CS,MBC
3037,132.5,91052,1118,EE,BC
3038,132.5,91059,3701,AD,BC
3039,132.5,91061,2712,CE,MBC
3040,132.5,91099,2744,EC,BC
3041,132.5,91115,2609,CH,OC
3042,132.5,91147,4676,CS,OC
3043,132.5,91160,4929,CS,BC
3044,132.5,91162,2338,AD,OC
3045,132.5,91186,4978,BM,OC
3046,132.5,91199,2349,BM,MBC
3047,132.5,91205,2623,EC,MBC
3048,132.5,91226,2328,EE,MBC
3049,132.5,91236,4670,CE,SC
3050,132.5,91249,3701,EC,OC
3051,132.5,91256,4023,IT,SC
3052,132.5,91262,2736,BM,BC
3053,132.5,91273,3465,EE,BC
3054,132.5,91305,2621,EE,BC
3055,132.5,91311,4917,AM,OC
3056,132.5,91323,2741,EE,OC
3057,132.5,91330,4917,IT,SC
3058,132.5,91345,2609,AO,OC
3059,132.5,91346,1516,CE,SC
3060,132.5,91375,2607,EE,OC
3061,132.5,91389,2736,CE,OC
3062,132.5,91405,2636,CE,OC
3063,132.5,91412,2302,AG,SC
3064,132.5,91415,2727,FD,BC
3065,132.5,91417,2342,CS,BC
3066,132.5,91418,1126,BM,OC
3067,132.5,91443,4965,BM,OC
3068,132.5,91446,2613,CE,OC
3069,132.5,91448,2658,CS,BC
3070,132.5,91449,2623,EC,BC
3071,132.5,91454,2618,ME,OC
3072,132.5,91463,2636,CS,SC
3073,132.5,91470,1114,EC,BC
3074,132.3,91479,1202,EC,MBC
3075,132.0,91496,5703,EC,OC
3076,132.0,91497,2769,EC,BC
3077,132.0,91500,2640,CS,BC
3078,132.0,91504,5,EE,SC
3079,132.0,91507,2632,EC,BC
3080,132.0,91514,1101,IT,MBC
3081,132.0,91526,2611,FD,BC
3082,132.0,91527,1225,ME,OC
3083,132.0,91551,2345,EC,BC
3084,132.0,91560,1412,CS,SC
3085,132.0,91563,4993,IT,BC
3086,132.0,91599,2710,ME,BC
3087,132.0,91623,3803,CS,MBC
3088,132.0,91626,3786,AE,SC
3089,132.0,91648,2749,AD,OC
3090,132.0,91677,2357,CS,BC
3091,132.0,91679,2614,EC,MBC
3092,132.0,91688,3831,AG,BC
3093,132.0,91690,2642,CE,OC
3094,132.0,91713,4981,EC,BC
3095,132.0,91722,2665,CS,BC
3096,132.0,91725,5017,CS,MBC
3097,132.0,91737,2706,ME,OC
3098,132.0,91750,5930,ME,OC
3099,132.0,91758,3860,EC,OC
3100,132.0,91769,2628,CS,BC
3101,132.0,91780,5,ME,BC
3102,132.0,91810,4957,EC,BC
3103,132.0,91811,3805,IT,SC
3104,132.0,91813,2347,EE,MBC
3105,132.0,91859,3016,EE,OC
3106,132.0,91865,2628,CS,BC
3107,132.0,91873,2603,ME,MBC
3108,132.0,91916,1123,AM,OC
3109,132.0,91935,2729,AE,BCM
3110,132.0,91965,1137,CS,SCA
3111,132.0,91966,3908,EC,BC
3112,132.0,91973,2608,EE,OC
3113,132.0,91980,4965,EE,BC
3114,132.0,91988,2610,CS,MBC
3115,132.0,92018,4994,IT,BC
3116,132.0,92044,2601,BM,MBC
3117,132.0,92047,2769,EE,OC
3118,132.0,92050,2606,EC,OC
3119,132.0,92059,1409,AD,MBC
3120,132.0,92086,1416,CS,BC
3121,132.0,92089,4917,AM,BC
3122,132.0,92096,3815,BT,MBC
3123,132.0,92108,2610,EE,MBC
3124,132.0,92109,1319,IT,OC
3125,132.0,92115,2741,EC,MBC
3126,132.0,92129,1422,CE,OC
3127,132.0,92142,3813,CS,OC
3128,132.0,92143,2659,CS,MBC
3129,132.0,92156,1226,EC,OC
3130,132.0,92181,3852,CS,BC
3131,132.0,92201,1207,IT,OC
3132,132.0,92202,4962,EE,BC
3133,132.0,92206,5,CH,SC
3134,132.0,92227,4967,CS,BC
3135,132.0,92235,1322,BM,MBC
3136,132.0,92237,2734,CD,MBC
3137,132.0,92253,4965,BM,BC
3138,132.0,92264,3011,ME,OC
3139,131.5,92282,1218,AD,OC
3140,131.5,92284,2625,CS,BC
3141,131.5,92289,5988,CS,BC
3142,131.5,92303,4949,CS,OC
3143,131.5,92314,2727,EE,MBC
3144,131.5,92317,1520,CS,SC
3145,131.5,92373,5915,ME,OC
3146,131.5,92380,4960,ME,SC
3147,131.5,92437,3701,EC,OC
3148,131.5,92448,3803,IT,BCM
3149,131.5,92485,2357,CS,MBC
3150,131.5,92493,1318,IT,OC
3151,131.5,92522,2715,EE,SC
3152,131.5,92545,3806,ME,OC
3153,131.5,92569,1434,AD,OC
3154,131.5,92573,3011,ME,BC
3155,131.5,92577,1408,AL,OC
3156,131.5,92602,1510,CS,OC
3157,131.5,92632,1303,AG,MBC
3158,131.5,92661,4933,CS,SC
3159,131.5,92708,1309,EE,MBC
3160,131.5,92724,4960,AD,SC
3161,131.5,92777,1226,EC,MBC
3162,131.5,92781,1311,CS,BC
3163,131.5,92793,1216,EC,SC
3164,131.5,92806,2634,BM,MBC
3165,131.5,92810,2367,CS,MBC
3166,131.5,92842,1303,CS,MBC
3167,131.5,92869,2651,ME,OC
3168,131.5,92878,2743,CS,SC
3169,131.5,92884,1422,EC,ST
3170,131.5,92899,3456,CS,MBC
3171,131.5,92927,1114,CS,MBC
3172,131.5,92931,2607,BT,MBC
3173,131.5,92932,1015,EE,BC
3174,131.5,92970,5915,EC,MBC
3175,131.5,92984,1505,EC,BC
3176,131.5,93020,5532,CS,BC
3177,131.5,93035,2611,EE,OC
3178,131.5,93038,5910,CS,SC
3179,131.5,93039,3819,EC,MBC
3180,131.2,93076,2609,EE,OC
3181,131.0,93094,2762,CS,OC
3182,131.0,93105,3843,CS,BC
3183,131.0,93111,3806,CE,OC
3184,131.0,93133,2709,ME,SC
3185,131.0,93139,2633,CS,MBC
3186,131.0,93141,2748,CS,OC
3187,131.0,93184,3819,CB,BC
3188,131.0,93191,3844,BM,MBC
3189,131.0,93195,2712,MZ,SC
3190,131.0,93205,1307,CB,MBC
3191,131.0,93215,4964,CS,SC
3192,131.0,93216,2622,BT,MBC
3193,131.0,93242,5935,EC,BC
3194,131.0,93268,4957,EC,MBC
3195,131.0,93272,2625,IT,BC
3196,131.0,93273,3826,AG,MBC
3197,131.0,93276,2327,EC,SC
3198,131.0,93279,2739,IT,SC
3199,131.0,93291,3464,CE,OC
3200,131.0,93294,2707,AD,OC
3201,131.0,93308,2612,CS,MBC
3202,131.0,93315,5942,CS,OC
3203,131.0,93350,5017,EC,OC
3204,131.0,93364,2745,EC,MBC
3205,131.0,93366,3829,EC,MBC
3206,131.0,93372,2632,AM,OC
3207,131.0,93417,4944,CS,BC
3208,131.0,93445,2702,TX,SC
3209,131.0,93466,2609,AD,BC
3210,131.0,93487,1301,EC,OC
3211,131.0,93489,2347,ME,OC
3212,131.0,93518,2744,ME,OC
3213,131.0,93528,2609,EE,OC
3214,131.0,93537,1416,AD,OC
3215,131.0,93538,2747,CS,BC
3216,131.0,93559,3805,PH,BC
3217,131.0,93580,3806,EE,OC
3218,131.0,93585,1317,ME,OC
3219,131.0,93615,2347,CS,SC
3220,131.0,93629,4680,ME,MBC
3221,131.0,93649,2752,EC,MBC
3222,131.0,93668,5703,IT,OC
3223,131.0,93672,1520,EC,OC
3224,131.0,93676,4957,ME,OC
3225,131.0,93679,2611,AM,BC
3226,131.0,93681,1420,IT,BC
3227,131.0,93684,2627,BT,SC
3228,131.0,93723,1518,IT,MBC
3229,131.0,93725,2609,ME,OC
3230,131.0,93734,2750,BT,MBC
3231,131.0,93748,3011,ME,SC
3232,131.0,93749,1222,CS,MBC
3233,131.0,93752,1509,EC,OC
3234,131.0,93762,2723,EE,MBC
3235,131.0,93766,3844,AD,MBC
3236,131.0,93769,2749,AG,BC
3237,131.0,93775,2611,CE,OC
3238,131.0,93791,3016,EC,MBC
3239,131.0,93826,1222,CS,SC
3240,131.0,93836,3805,AD,MBC
3241,130.7,93851,2625,ME,OC
3242,130.7,93852,1316,BM,BC
3243,130.5,93880,5017,XC,BC
3244,130.5,93893,5902,AD,OC
3245,130.5,93906,1517,CS,OC
3246,130.5,93909,2734,SB,BC
3247,130.5,93915,1318,CS,OC
3248,130.5,93967,3918,CS,OC
3249,130.5,93975,1325,EC,MBC
3250,130.5,93983,4981,AD,BC
3251,130.5,93985,3804,EC,OC
3252,130.5,93989,2734,MO,OC
3253,130.5,94019,2769,AD,SC
3254,130.5,94057,2610,EE,MBC
3255,130.5,94083,2707,AD,OC
3256,130.5,94121,3844,CS,OC
3257,130.5,94132,1507,EC,OC
3258,130.5,94134,2707,CD,MBC
3259,130.5,94137,2610,BM,BC
3260,130.5,94144,1115,CS,BC
3261,130.5,94149,2349,CS,BC
3262,130.5,94179,3830,CB,SC
3263,130.5,94189,1405,CS,MBC
3264,130.5,94191,2610,CS,MBC
3265,130.5,94232,1324,ME,OC
3266,130.5,94255,2302,AD,BC
3267,130.5,94256,3819,AD,SC
3268,130.5,94257,3817,ME,OC
3269,130.5,94268,2615,CE,BC
3270,130.5,94276,2718,MZ,SC
3271,130.5,94307,1437,ME,BC
3272,130.5,94308,2640,AD,BC
3273,130.5,94322,3830,EE,BC
3274,130.5,94333,1405,AD,OC
3275,130.5,94334,1518,AE,OC
3276,130.5,94369,1127,IT,BC
3277,130.5,94372,3805,EE,MBC
3278,130.5,94380,3825,CS,BC
3279,130.5,94391,2755,CS,BC
3280,130.5,94422,1441,EE,OC
3281,130.5,94433,5,CH,MBC
3282,130.5,94475,4980,CS,BC
3283,130.5,94482,1441,CS,BC
3284,130.5,94483,2708,CH,MBC
3285,130.5,94492,2726,CS,SC
3286,130.5,94510,1419,MU,OC
3287,130.5,94528,2612,CS,BC
3288,130.5,94538,2741,EC,BC
3289,130.5,94544,1317,ME,MBC
3290,130.5,94569,2762,CS,BC
3291,130.5,94581,1125,CS,OC
3292,130.5,94593,1519,CS,BC
3293,130.5,94595,3801,IT,SC
